_id,Date Time,profile,company,Location,Start Date,Stipend,Duration,Apply by Date,Offer,Skills and Perks
5f9fc7ee153e7b49e476c8f4,2020-11-02 14:18:45,Retail Marketing,Decathlon Sports India,Secunderabad,Immediately, 6000 /month,3 Months,"6 Nov' 20",Internship,"[""Google Analytics"",""Digital Marketing"",""Search Engine Optimization (SEO)"",""Facebook Marketing"",""Video Making"",""Client Relationship"",""Certificate"","" Letter of recommendation"","" Flexible work hours"","" Informal dress code""]"
5f9fc7ef153e7b49e476c8f5,2020-11-02 14:18:46,Hardware Algorithms Development,Titan Company Limited,Hyderabad,Immediately, 15000 /month,6 Months,"6 Nov' 20",Internship,"[""Python"",""Machine Learning"",""Certificate""]"
5f9fc7f0153e7b49e476c8f6,2020-11-02 14:18:47,Web Development,SoftEzi Solutions Limited Liability Partnership,Delhi,Immediately, 3500 /month,1 Month,"16 Nov' 20",Internship,"[""Java"",""Hibernate (Java)"",""Certificate"","" Letter of recommendation"","" Flexible work hours""]"
5f9fc7f1153e7b49e476c8f7,2020-11-02 14:18:48,Human Resources (HR),Oddy Labs,Hyderabad,Immediately, 4000 /month,6 Months,"16 Nov' 20",Internship,"[""Certificate"","" Letter of recommendation"","" Flexible work hours"","" Informal dress code""]"
5f9fc7f2153e7b49e476c8f8,2020-11-02 14:18:49,Sales And Marketing,Uniworks Designs Private Limited,Hyderabad,Immediately, 10000 /month,6 Months,"16 Nov' 20",Internship,"[""MS-Office"",""MS-Word"",""MS-Excel"",""Certificate""]"
5f9fc7f3153e7b49e476c8f9,2020-11-02 14:18:50,Business Development (Sales),Drunken Monkey,Hyderabad,Immediately, 5000 /month,3 Months,"16 Nov' 20",Internship with job offer,"[""MS-Excel"",""English Proficiency (Spoken)"",""Hindi Proficiency (Spoken)"",""Certificate"","" Letter of recommendation"","" Job offer""]"
5f9fc7f4153e7b49e476c8fa,2020-11-02 14:18:51,Graphic Design,OETD Labs,Hyderabad,Immediately, 8000-10000 /month,1 Month,"16 Nov' 20",Internship,"[""Adobe Photoshop"",""CorelDRAW"",""Adobe Illustrator"",""Video Editing"",""Adobe Indesign"",""Certificate"","" Flexible work hours"","" 5 days a week""]"
5f9fc7f5153e7b49e476c8fb,2020-11-02 14:18:52,Operations,"Rao's Stationary Fancy And Internet Services",Hyderabad,Immediately, 4000 /month,2 Months,"16 Nov' 20",Internship with job offer,"[""Digital Marketing"",""Accounting"",""MS-Excel"",""Certificate"","" Flexible work hours"","" Informal dress code"","" Job offer""]"
5f9fc7f5153e7b49e476c8fc,2020-11-02 14:18:53,Digital Marketing,Trove Craft,Hyderabad,Immediately, 3000 /month,2 Months,"16 Nov' 20",Internship,"[""Social Media Marketing"",""Adobe Photoshop"",""CorelDRAW"",""Certificate"","" Flexible work hours""]"
5f9fc7f6153e7b49e476c8fd,2020-11-02 14:18:53,Business Development (Sales),Fincomienzo Solutions Private Limited,Ahmedabad,Immediately, 2000 /month +  Incentives,4 Months,"16 Nov' 20",Internship with job offer,"[""Certificate"","" Letter of recommendation"","" Flexible work hours"","" Job offer""]"
5f9fc7f7153e7b49e476c8fe,2020-11-02 14:18:54,General Management,Knedge,Hyderabad,Immediately, 8000-12000 /month,3 Months,"16 Nov' 20",Internship,"[""MS-Office"",""Digital Marketing"",""English Proficiency (Spoken)"",""English Proficiency (Written)"",""Certificate"","" Letter of recommendation"","" Flexible work hours"","" 5 days a week""]"
5f9fc7f8153e7b49e476c8ff,2020-11-02 14:18:55,Graphic Design,Knedge,Bangalore,Immediately, 8000-12000 /month,3 Months,"16 Nov' 20",Internship,"[""Adobe Photoshop"",""Adobe Illustrator"",""Adobe Premiere Pro"",""Adobe Creative Suite"",""Adobe After Effects"",""Certificate"","" Letter of recommendation"","" Flexible work hours"","" 5 days a week""]"
5f9fc7f9153e7b49e476c900,2020-11-02 14:18:56,Business Development (Sales),"Farmer's Bridge Basket Retail LLP",Hyderabad,Immediately, 4000 /month,3 Months,"15 Nov' 20",Internship,"[""Certificate"","" Letter of recommendation"","" Flexible work hours""]"
5f9fc7fa153e7b49e476c901,2020-11-02 14:18:57,Embedded Systems & IoT,IIIRPD,Secunderabad,Immediately, 15000-25000 lump sum,6 Months,"15 Nov' 20",Internship,"[""Robotics"",""Embedded Systems"",""Internet of Things (IoT)"",""Certificate"","" Letter of recommendation"","" Informal dress code""]"
5f9fc7fb153e7b49e476c902,2020-11-02 14:18:58,Event Management,Formskart,Chandigarh,Immediately, 3000 /month,3 Months,"15 Nov' 20",Internship with job offer,"[""Social Media Marketing"",""Digital Marketing"",""English Proficiency (Spoken)"",""Certificate"","" Letter of recommendation"","" Job offer""]"
5f9fc7fb153e7b49e476c903,2020-11-02 14:18:59,Business Development (Sales),Seebec Utilities Private Limited,Hyderabad,Immediately, 2000 /month,3 Months,"15 Nov' 20",Internship,[]
5f9fc7fc153e7b49e476c904,2020-11-02 14:18:59,Telecalling,VBLP Tech Solutions Private Limited,Hyderabad,Immediately, 10000 /month,2 Months,"15 Nov' 20",Internship,"[""English Proficiency (Spoken)"",""Hindi Proficiency (Spoken)"",""Telugu Proficiency (Spoken)"",""Certificate"","" Letter of recommendation"","" Informal dress code""]"
5f9fc7fd153e7b49e476c905,2020-11-02 14:19:00,Graphic Design,VBLP Tech Solutions Private Limited,Hyderabad,Immediately, 12000 /month,1 Month,"15 Nov' 20",Internship,"[""Adobe Photoshop"",""Adobe Illustrator"",""Adobe Premiere Pro"",""Adobe Creative Suite"",""Adobe Dreamweaver"",""Adobe Indesign"",""Adobe Flash"",""Adobe After Effects"",""Certificate"","" Letter of recommendation"","" Informal dress code""]"
5f9fc7fe153e7b49e476c906,2020-11-02 14:19:01,Robotics,IIIRPD,Secunderabad,Immediately, 40000 lump sum,6 Months,"15 Nov' 20",Internship,"[""Certificate"","" Letter of recommendation"","" Flexible work hours"","" Informal dress code""]"
5f9fc7fe153e7b49e476c907,2020-11-02 14:19:02,Android App Development,IIIRPD,Hyderabad,Immediately, 20000 lump sum,6 Months,"15 Nov' 20",Internship,"[""Certificate"","" Letter of recommendation"","" Flexible work hours""]"
5f9fc7ff153e7b49e476c908,2020-11-02 14:19:02,Graphic Design,QShala,Chennai,Immediately, 10000-15000 /month,3 Months,"15 Nov' 20",Internship with job offer,"[""Adobe Photoshop"",""Adobe Creative Suite"",""Adobe After Effects"",""Adobe Photoshop Lightroom CC"",""Certificate"","" Letter of recommendation"","" Flexible work hours"","" 5 days a week"","" Job offer""]"
5f9fc800153e7b49e476c909,2020-11-02 14:19:03,iOS App Development,Fincomienzo Solutions Private Limited,Chennai,Immediately, 2000 /month +  Incentives,4 Months,"15 Nov' 20",Internship with job offer,"["".NET"",""iOS"",""Certificate"","" Letter of recommendation"","" Flexible work hours"","" Job offer""]"
5f9fc801153e7b49e476c90a,2020-11-02 14:19:04,Business Development (Sales),Homesifyi.com,Bangalore,Immediately, 4000-9000 /month,3 Months,"14 Nov' 20",Internship with job offer,"[""MS-PowerPoint"",""MS-Excel"",""Certificate"","" Flexible work hours"","" Job offer""]"
5f9fc802153e7b49e476c90b,2020-11-02 14:19:05,Mobile App Development,Todquest Enterprises Private Limited,Hyderabad,Immediately, 10000 /month,3 Months,"14 Nov' 20",Internship with job offer,"[""Flutter"",""Dart"",""iOS"",""Android"",""Certificate"","" Letter of recommendation"","" Flexible work hours"","" Informal dress code"","" Job offer""]"
5f9fc805153e7b49e476c90c,2020-11-02 14:19:06,Operational Accountancy,Lloyd Harrington Australia Proprietary Limited,Hyderabad,Immediately, 7000 /month,6 Months,"5 Dec' 20",Internship with job offer,"[""Accounting"",""Tally"",""MS-Excel"",""Financial Modeling"",""Certificate"","" Letter of recommendation"","" Flexible work hours"","" Job offer""]"
5f9fc806153e7b49e476c90d,2020-11-02 14:19:09,Operations,WeMakeScholars,Hyderabad,Immediately, 12000-17000 /month,6 Months,"14 Nov' 20",Internship with job offer,"[""English Proficiency (Spoken)"",""English Proficiency (Written)"",""Certificate"","" Letter of recommendation"","" Flexible work hours"","" Informal dress code"","" Job offer""]"
5f9fc806153e7b49e476c90e,2020-11-02 14:19:10,Social Media Marketing,STEM SHOP STORE,Delhi,Immediately, 15000 /month,3 Months,"14 Nov' 20",Internship,"[""HTML"",""Adobe Photoshop"",""Adobe Illustrator"",""Digital Marketing"",""Adobe Creative Suite"",""Search Engine Optimization (SEO)"",""Creative Writing"",""Certificate"","" Letter of recommendation"","" Flexible work hours"","" Informal dress code""]"
5f9fc807153e7b49e476c90f,2020-11-02 14:19:10,Operations,Krishna Pharma,Hyderabad,Immediately, 15000 /month,3 Months,"14 Nov' 20",Internship with job offer,"[""MS-Excel"",""Flexible work hours"","" Informal dress code"","" Job offer""]"
5f9fc80a153e7b49e476c910,2020-11-02 14:19:11,Marketing,MothersFood,Hyderabad,Immediately, 7000 /month,3 Months,"14 Nov' 20",Internship,"[""Certificate"","" Letter of recommendation""]"
5f9fc80b153e7b49e476c911,2020-11-02 14:19:14,Marketing,Vsupply Webstore LLP Hyderabad,Hyderabad,Immediately, 10000 lump sum,2 Months,"14 Nov' 20",Internship,"[""Event Management"",""Certificate"","" Flexible work hours"","" 5 days a week""]"
5f9fc80c153e7b49e476c912,2020-11-02 14:19:15,Science Models/Wind Sculptures Fabrication,Bookmark Projects Trust,Hyderabad,Immediately, 11000 /month,3 Months,"14 Nov' 20",Internship,"[""Certificate"","" Letter of recommendation""]"
5f9fc80d153e7b49e476c913,2020-11-02 14:19:16,Social Media Marketing,DineSmart,Hyderabad,Immediately, 8000-15000 /month,3 Months,"14 Nov' 20",Internship,"[""Social Media Marketing"",""Adobe Photoshop"",""Adobe Illustrator"",""Digital Marketing"",""Adobe XD"",""Certificate"","" Letter of recommendation"","" Informal dress code"","" 5 days a week"","" Free snacks & beverages""]"
5f9fc80d153e7b49e476c914,2020-11-02 14:19:17,Gearbox,M/S Hemilton Engineering Company,Hyderabad,Immediately, 2500 /month +  Incentives,3 Months,"14 Nov' 20",Internship,"[""Digital Marketing"",""Mathematics"",""Tally"",""Client Relationship"",""Certificate"","" Letter of recommendation"","" 5 days a week""]"
5f9fc80f153e7b49e476c915,2020-11-02 14:19:17,Operations,Pathfold,Hyderabad,Immediately, 6000 /month,3 Months,"14 Nov' 20",Internship,"[""Social Media Marketing"",""Adobe Photoshop"",""English Proficiency (Spoken)"",""English Proficiency (Written)"",""Certificate"","" Letter of recommendation""]"
5f9fc810153e7b49e476c916,2020-11-02 14:19:19,Product Management,Stratfit,Hyderabad,Immediately, 5000-8000 /month,6 Months,"13 Nov' 20",Internship,"[""Certificate"","" Letter of recommendation"","" Flexible work hours"","" Informal dress code""]"
5f9fc812153e7b49e476c917,2020-11-02 14:19:20,Content Writing,Hana E Solutions,Bangalore,Immediately, 5000-7000 /month,2 Months,"13 Nov' 20",Internship,"[""Certificate"","" Letter of recommendation"","" Flexible work hours"","" 5 days a week""]"
5f9fc813153e7b49e476c918,2020-11-02 14:19:22,Graphic Design,Omnytrix,Secunderabad,Immediately, 6000-10000 /month,3 Months,"13 Nov' 20",Internship with job offer,"[""Social Media Marketing"",""Adobe Photoshop"",""Certificate"","" Letter of recommendation"","" Flexible work hours"","" Free snacks & beverages"","" Job offer""]"
5f9fc814153e7b49e476c919,2020-11-02 14:19:23,Interior Design,Studio Emerald,Hyderabad,Immediately, 4000 /month,3 Months,"13 Nov' 20",Internship with job offer,"[""AutoCAD"",""Adobe Photoshop"",""MS-PowerPoint"",""Google SketchUp "",""MS-Excel"",""Flexible work hours"","" Informal dress code"","" Job offer""]"
5f9fc815153e7b49e476c91a,2020-11-02 14:19:24,Social Media Marketing,Qubit AI Technologies,Hyderabad,Immediately, 10000-15000 /month,6 Months,"13 Nov' 20",Internship,"[""Social Media Marketing"",""Adobe Photoshop"",""Video Editing"",""Adobe Premiere Pro"",""Certificate""]"
5f9fc816153e7b49e476c91b,2020-11-02 14:19:25,Business Development (Sales),Edvizo Media Private Limited,Delhi,Immediately, 10000-15000 /month,3 Months,"13 Nov' 20",Internship,"[""Certificate"","" Flexible work hours""]"
5f9fc81a153e7b49e476c91c,2020-11-02 14:19:28,Social Media Marketing,IIIRPD,Hyderabad,Nothing, 2000 /month,3 Months,"13 Nov' 20",Internship,"[""Social Media Marketing"",""Facebook Marketing""]"
5f9fc81b153e7b49e476c91d,2020-11-02 14:19:30,3D Sculpting,IIIRPD,Hyderabad,Nothing, 2000 /month,3 Months,"28 Nov' 20",Internship with job offer,"[""Autodesk Maya"",""Blender 3D"",""ZBrush"",""Certificate"","" Letter of recommendation"","" Flexible work hours"","" 5 days a week"","" Free snacks & beverages"","" Job offer""]"
5f9fc81b153e7b49e476c91e,2020-11-02 14:19:31,Business Development (Sales),Roligt Foods Private Limited,Hyderabad,Immediately, 8000-10000 /month,2 Months,"12 Nov' 20",Internship,"[""Certificate""]"
5f9fc81d153e7b49e476c91f,2020-11-02 14:19:31,Business Development (Sales),The Media Exchange,Hyderabad,Immediately, 7000 /month +  Incentives,3 Months,"12 Nov' 20",Internship,"[""Hindi Proficiency (Spoken)"",""Telugu Proficiency (Spoken)"",""Certificate"","" Flexible work hours"","" Informal dress code"","" 5 days a week""]"
5f9fc81d153e7b49e476c920,2020-11-02 14:19:33,Digital Marketing,Enozi Digital Marketing Agency,Hyderabad,Immediately, 3000 /month,3 Months,"12 Nov' 20",Internship,"[""Social Media Marketing"",""MS-Office"",""Digital Marketing"",""Client Relationship"",""English Proficiency (Spoken)"",""Instagram Marketing"",""Certificate"","" Letter of recommendation"","" Informal dress code"","" 5 days a week""]"
5f9fc81e153e7b49e476c921,2020-11-02 14:19:33,Marketing,Padaayi,Guntur,Immediately, 4000 /month +  Incentives,2 Months,"12 Nov' 20",Internship,"[""Hindi Proficiency (Spoken)"",""Hindi Proficiency (Written)"",""Telugu Proficiency (Written)"",""Telugu Proficiency (Spoken)"",""Certificate"","" Letter of recommendation"","" Flexible work hours""]"
5f9fc81f153e7b49e476c922,2020-11-02 14:19:34,Business Development (Sales),QuickRide,Hyderabad,Immediately, 5000 /month,1 Month,"12 Nov' 20",Internship,"[""Social Media Marketing"",""English Proficiency (Spoken)"",""Telugu Proficiency (Spoken)"",""Certificate"","" Letter of recommendation"","" Flexible work hours""]"
5f9fc820153e7b49e476c923,2020-11-02 14:19:35,MERN Stack Development,Bestflux Incorporation,Guntur,Immediately, 4000 /month,6 Months,"12 Nov' 20",Internship,"[""MongoDB"",""Node.js"",""Express.js"",""ReactJS"",""Certificate"","" Letter of recommendation"","" Flexible work hours"","" Informal dress code"","" 5 days a week""]"
5f9fc821153e7b49e476c924,2020-11-02 14:19:36,Indirect Tax,Darda Advisors LLP,Chennai,Immediately, 5000-7500 /month,6 Months,"12 Nov' 20",Internship,"[""Certificate"","" Letter of recommendation"","" Flexible work hours""]"
5f9fc822153e7b49e476c925,2020-11-02 14:19:37,Human Resources (HR),Good Leaps Solutions Private Limited,Chennai,Immediately, 7000 /month +  Incentives,6 Months,"12 Nov' 20",Internship with job offer,"[""MS-Office"",""MS-Word"",""MS-Excel"",""English Proficiency (Spoken)"",""English Proficiency (Written)"",""Certificate"","" Flexible work hours"","" Job offer""]"
5f9fc823153e7b49e476c926,2020-11-02 14:19:38,Graphic Design,Inspired Reach,Hyderabad,Immediately, 5000 /month,3 Months,"12 Nov' 20",Internship,"[""Certificate""]"
5f9fc823153e7b49e476c927,2020-11-02 14:19:39,Data Entry,Vashishta Technologies,Hyderabad,Immediately, 10000-15000 /month,1 Month,"12 Nov' 20",Internship with job offer,"[""MS-Excel"",""Certificate"","" Letter of recommendation"","" Job offer""]"
5f9fc824153e7b49e476c928,2020-11-02 14:19:39,Content Writing,Seera Soft Solutions Private Limited,Hyderabad,Immediately, 8000 /month,3 Months,"30 Nov' 20",Internship,"[""MS-Office"",""Email Marketing"",""English Proficiency (Written)"",""Certificate"","" 5 days a week""]"
5f9fc826153e7b49e476c929,2020-11-02 14:19:40,Soldering Technician,Unistring Tech Solutions Private Limited,Hyderabad,Immediately, 8000-12000 /month,6 Months,"12 Nov' 20",Internship,"[""Certificate"","" Free snacks & beverages""]"
5f9fc827153e7b49e476c92a,2020-11-02 14:19:42,Business Development (Sales),La Muse,Pune,Immediately, 2000 /month +  Incentives,2 Months,"12 Nov' 20",Internship,"[""MS-Word"",""MS-Excel"",""English Proficiency (Spoken)"",""English Proficiency (Written)"",""Hindi Proficiency (Spoken)"",""Certificate"","" Letter of recommendation"","" Flexible work hours""]"
5f9fc829153e7b49e476c92b,2020-11-02 14:19:43,Human Resources (HR),NNIIT,Hyderabad,Immediately, 6000 /month,6 Months,"12 Nov' 20",Internship,"[""HTML"",""Certificate"","" Letter of recommendation""]"
5f9fc82a153e7b49e476c92c,2020-11-02 14:19:45,Digital Marketing,Billez,Hyderabad,Immediately, 4000-6000 /month,3 Months,"12 Nov' 20",Internship,"[""Social Media Marketing"",""Adobe Photoshop"",""Adobe Illustrator"",""Digital Marketing"",""Search Engine Optimization (SEO)"",""Certificate"","" Letter of recommendation"","" Informal dress code""]"
5f9fc82b153e7b49e476c92d,2020-11-02 14:19:46,Business Development (Sales),KinderPass,Hyderabad,Immediately, 6000 /month +  Incentives,3 Months,"12 Nov' 20",Internship,"[""English Proficiency (Spoken)"",""Certificate"","" Flexible work hours""]"
5f9fc82c153e7b49e476c92e,2020-11-02 14:19:47,Mobile App Development,Metagogy Learning Systems Private Limited,Hyderabad,Immediately, 10000 /month,1 Month,"12 Nov' 20",Internship with job offer,"[""JavaScript"",""Python"",""Ionic"",""Angular 7.0"",""Certificate"","" Letter of recommendation"","" Flexible work hours"","" Informal dress code"","" Free snacks & beverages"","" Job offer""]"
5f9fc82c153e7b49e476c92f,2020-11-02 14:19:48,PHP Development,Techshra,Karimnagar,Immediately, 10000 /month,3 Months,"12 Nov' 20",Internship with job offer,"[""PHP"",""Certificate"","" Flexible work hours"","" 5 days a week"","" Job offer""]"
5f9fc82e153e7b49e476c930,2020-11-02 14:19:48,Web Development,Techshra,Guntur,Immediately, 9000 /month,3 Months,"12 Nov' 20",Internship with job offer,"[""Certificate"","" Flexible work hours"","" 5 days a week"","" Job offer""]"
5f9fc82e153e7b49e476c931,2020-11-02 14:19:50,Android App Development,Techshra,Hyderabad,Immediately, 10000 /month,3 Months,"12 Nov' 20",Internship,"[""Certificate"","" Flexible work hours"","" 5 days a week""]"
5f9fc82f153e7b49e476c932,2020-11-02 14:19:50,Machine Learning,Techshra,Guntur,Immediately, 11500 /month,3 Months,"12 Nov' 20",Internship with job offer,"[""Certificate"","" Flexible work hours"","" 5 days a week"","" Job offer""]"
5f9fc830153e7b49e476c933,2020-11-02 14:19:51,Data Science,Techshra,Guntur,Immediately, 13500 /month,3 Months,"12 Nov' 20",Internship with job offer,"[""Certificate"","" Flexible work hours"","" 5 days a week"","" Job offer""]"
5f9fc831153e7b49e476c934,2020-11-02 14:19:52,Python Development,Techshra,Guntur,Immediately, 10000 /month,3 Months,"12 Nov' 20",Internship with job offer,"[""Certificate"","" Flexible work hours"","" 5 days a week"","" Job offer""]"
5f9fc832153e7b49e476c935,2020-11-02 14:19:53,Graphic Design,Lloyd Harrington Australia Proprietary Limited,Hyderabad,Immediately, 7000 /month,6 Months,"3 Dec' 20",Internship with job offer,"[""Adobe Photoshop"",""Adobe Creative Suite"",""Adobe Dreamweaver"",""User Interface (UI) Development"",""UI & UX Design"",""Adobe After Effects"",""Certificate"","" Letter of recommendation"","" Flexible work hours"","" Job offer""]"
5f9fc832153e7b49e476c936,2020-11-02 14:19:54,Java Development,Techshra,Guntur,Immediately, 10000 /month,3 Months,"12 Nov' 20",Internship with job offer,"[""Certificate"","" Flexible work hours"","" 5 days a week"","" Job offer""]"
5f9fc833153e7b49e476c937,2020-11-02 14:19:54,Software Testing,Techshra,Karimnagar,Immediately, 12500 /month,3 Months,"12 Nov' 20",Internship with job offer,"[""Certificate"","" Flexible work hours"","" 5 days a week"","" Job offer""]"
5f9fc834153e7b49e476c938,2020-11-02 14:19:55,Human Resources (HR),Lloyd Harrington Australia Proprietary Limited,Hyderabad,Immediately, 7000 /month,6 Months,"3 Dec' 20",Internship,"[""Certificate"","" Flexible work hours""]"
5f9fc835153e7b49e476c939,2020-11-02 14:19:56,Full Stack Development,Lloyd Harrington Australia Proprietary Limited,Hyderabad,Immediately, 7000 /month,6 Months,"3 Dec' 20",Internship,"[""Java"",""HTML"",""JavaScript"",""jQuery"",""Python"","".NET"",""AJAX"",""C Programming"",""JSON"",""Amazon Web Server (AWS)"",""Certificate"","" Flexible work hours""]"
5f9fc836153e7b49e476c93a,2020-11-02 14:19:57,Backend Development,Lloyd Harrington Australia Proprietary Limited,Hyderabad,Immediately, 7000 /month,6 Months,"3 Dec' 20",Internship,"[""Java"",""C#"",""Ruby on Rails"",""Python"","".NET"",""Machine Learning"",""MS SQL Server"",""C Programming"",""SQLite"",""Artifical Intelligence"",""Certificate"","" Flexible work hours""]"
5f9fc837153e7b49e476c93b,2020-11-02 14:19:58,Lead Generation,SoftEzi Solutions Limited Liability Partnership,Delhi,Immediately, 2000-5000 /month,3 Months,"12 Nov' 20",Internship with job offer,"[""Certificate"","" Flexible work hours"","" Informal dress code"","" 5 days a week"","" Job offer""]"
5f9fc838153e7b49e476c93c,2020-11-02 14:19:59,Financial Sales,WeMakeScholars,Hyderabad,Immediately, 12000-17000 /month,6 Months,"12 Nov' 20",Internship with job offer,"[""English Proficiency (Spoken)"",""English Proficiency (Written)"",""Certificate"","" Letter of recommendation"","" Flexible work hours"","" Informal dress code"","" Job offer""]"
5f9fc838153e7b49e476c93d,2020-11-02 14:20:00,Business Development (Sales),CollegeDoors.com,Chandigarh,Immediately, 5000 /month +  Incentives,2 Months,"12 Nov' 20",Internship with job offer,"[""Letter of recommendation"","" Flexible work hours"","" Job offer""]"
5f9fc839153e7b49e476c93e,2020-11-02 14:20:00,Business Development (Sales),Mapmyops | Intelloc Mapping Services,Ahmedabad,Immediately, 2000 /month +  Incentives,2 Months,"12 Nov' 20",Internship,"[""MS-Office"",""Certificate"","" Letter of recommendation"","" Flexible work hours"","" Informal dress code""]"
5f9fc83a153e7b49e476c93f,2020-11-02 14:20:01,Front End Development,Lloyd Harrington Australia Proprietary Limited,Hyderabad,Immediately, 7000 /month,6 Months,"2 Dec' 20",Internship with job offer,"[""HTML"",""CSS"",""JavaScript"",""jQuery"",""AJAX"",""AngularJS"",""User Interface (UI) Development"",""UI & UX Design"",""ReactJS"",""Certificate"","" Flexible work hours"","" Job offer""]"
5f9fc83b153e7b49e476c940,2020-11-02 14:20:02,UI/UX Design,Lloyd Harrington Australia Proprietary Limited,Bangalore,Immediately, 7000 /month,6 Months,"2 Dec' 20",Internship,"[""HTML"",""Adobe Photoshop"",""User Interface (UI) Development"",""Wireframing"",""UI & UX Design"",""Adobe XD"",""Figma"",""Certificate"","" Flexible work hours""]"
5f9fc83c153e7b49e476c941,2020-11-02 14:20:03,Full Stack Developement,MAMAGANG SERVICES PRIVATE LIMITED,Hyderabad,Immediately, 22500 /month,5 Months,"11 Nov' 20",Internship,"[""PHP"",""HTML"",""CSS"",""JavaScript"",""React Native"",""Certificate"","" Letter of recommendation"","" Informal dress code""]"
5f9fc83d153e7b49e476c942,2020-11-02 14:20:04,Content Writing,Lloyd Harrington Australia Proprietary Limited,Secunderabad,Immediately, 7000 /month,6 Months,"2 Dec' 20",Internship with job offer,"[""Social Media Marketing"",""Search Engine Marketing (SEM)"",""Search Engine Optimization (SEO)"",""Creative Writing"",""English Proficiency (Written)"",""Certificate"","" Letter of recommendation"","" Flexible work hours"","" Job offer""]"
5f9fc83e153e7b49e476c943,2020-11-02 14:20:05,Flutter Application Development (Full Stack),Sidangel Fund,Delhi,Immediately, 20000 /month,6 Months,"11 Nov' 20",Internship with job offer,"[""Java"",""JavaScript"",""Flutter"",""Certificate"","" Letter of recommendation"","" Job offer""]"
5f9fc841153e7b49e476c944,2020-11-02 14:20:08,Flutter Application Development (Full Stack),Sidangel Fund,Delhi,Immediately, 20000 /month,6 Months,"11 Nov' 20",Internship with job offer,"[""Java"",""JavaScript"",""Flutter"",""Certificate"","" Letter of recommendation"","" Job offer""]"
5f9fc841153e7b49e476c945,2020-11-02 14:20:09,Product Management,Creditvidya,Hyderabad,Immediately, 10000-15000 /month,3 Months,"11 Nov' 20",Internship with job offer,"[""Letter of recommendation"","" Flexible work hours"","" Informal dress code"","" 5 days a week"","" Job offer""]"
5f9fc842153e7b49e476c946,2020-11-02 14:20:09,Business Development (Sales),Shreeram Technologies Services Private Limited,Chennai,Immediately, 8000 /month +  Incentives,3 Months,"11 Nov' 20",Internship,"[""Email Marketing"",""Certificate"","" Letter of recommendation"","" Flexible work hours""]"
5f9fc843153e7b49e476c947,2020-11-02 14:20:10,Social Media Marketing,Wudbox,Hyderabad,Immediately, 10000 /month,6 Months,"11 Nov' 20",Internship,"[""Google AdWords"",""Facebook Marketing"",""English Proficiency (Spoken)"",""English Proficiency (Written)"",""Certificate"","" Letter of recommendation""]"
5f9fc844153e7b49e476c948,2020-11-02 14:20:11,Python/Django Development,ZestIOT Technologies Private Limited,Hyderabad,Immediately, 8000 /month,6 Months,"11 Nov' 20",Internship with job offer,"[""MySQL"",""Python"",""Linux"",""Django"",""Shell Scripting"",""Certificate"","" Letter of recommendation"","" Flexible work hours"","" Informal dress code"","" 5 days a week"","" Job offer""]"
5f9fc845153e7b49e476c949,2020-11-02 14:20:12,Human Resources (HR),Mountainor Well Being Private Limited,Hyderabad,Immediately, 7000 /month,6 Months,"11 Nov' 20",Internship,"[""MS-Office"",""MS-Word"",""MS-PowerPoint"",""MS-Excel"",""English Proficiency (Spoken)"",""English Proficiency (Written)""]"
5f9fc846153e7b49e476c94a,2020-11-02 14:20:13,Android App Development,UnioLabs,Hyderabad,Immediately, 3000-5000 /month,3 Months,"11 Nov' 20",Internship,"[""Java"",""SQL"",""JSON"",""Certificate"","" Letter of recommendation"","" Flexible work hours"","" 5 days a week""]"
5f9fc846153e7b49e476c94b,2020-11-02 14:20:14,Content Writing,Stratfit,Hyderabad,Immediately, 5000 /month,6 Months,"11 Nov' 20",Internship,"[""Blogging"",""Copywriting"",""Certificate"","" Letter of recommendation"","" Flexible work hours"","" Informal dress code""]"
5f9fc847153e7b49e476c94c,2020-11-02 14:20:14,Business Development (Sales),Confluence Educational Services,Hyderabad,Immediately, 10000 /month,3 Months,"11 Nov' 20",Internship,"[""Creative Writing"",""Certificate"","" Letter of recommendation"","" Informal dress code"","" Free snacks & beverages""]"
5f9fc848153e7b49e476c94d,2020-11-02 14:20:15,Operations,Fifth Avenue Event Management,Hyderabad,Immediately, 5000 /month +  Incentives,3 Months,"11 Nov' 20",Internship,"[""Certificate"","" Flexible work hours"","" Informal dress code""]"
5f9fc849153e7b49e476c94e,2020-11-02 14:20:16,Human Resources (HR),Confluence Educational Services,Hyderabad,Immediately, 10000 /month,3 Months,"11 Nov' 20",Internship,"[""Creative Writing"",""Certificate"","" Letter of recommendation"","" Informal dress code"","" Free snacks & beverages""]"
5f9fc84a153e7b49e476c94f,2020-11-02 14:20:17,Recruitment Consulting,Lloyd Harrington Australia Proprietary Limited,Hyderabad,Immediately, 7000 /month,6 Months,"2 Dec' 20",Internship,"[""Recruitment"",""MS-Word"",""Email Marketing"",""MS-Excel"",""English Proficiency (Spoken)"",""English Proficiency (Written)"",""Certificate"","" Flexible work hours""]"
5f9fc84a153e7b49e476c950,2020-11-02 14:20:18,Digital Marketing,Lloyd Harrington Australia Proprietary Limited,Hyderabad,Immediately, 7000 /month,6 Months,"2 Dec' 20",Internship,"[""Digital Marketing"",""English Proficiency (Written)"",""Certificate"","" Flexible work hours""]"
5f9fc84d153e7b49e476c951,2020-11-02 14:20:18,Social Media Marketing,Lloyd Harrington Australia Proprietary Limited,Hyderabad,Immediately, 7000 /month,6 Months,"2 Dec' 20",Internship,"[""Social Media Marketing"",""Digital Marketing"",""Certificate"","" Letter of recommendation"","" Flexible work hours""]"
5f9fc84e153e7b49e476c952,2020-11-02 14:20:21,Digital Marketing,Oddy Labs,Hyderabad,Immediately, 4000 /month,6 Months,"11 Nov' 20",Internship with job offer,"[""Search Engine Marketing (SEM)"",""Digital Marketing"",""Search Engine Optimization (SEO)"",""Email Marketing"",""Certificate"","" Letter of recommendation"","" Flexible work hours"","" Informal dress code"","" Job offer""]"
5f9fc84f153e7b49e476c953,2020-11-02 14:20:22,Site Engineering,AV Design Studio,Hyderabad,Immediately, 8000 /month,6 Months,"11 Nov' 20",Internship,"[""Certificate"","" Informal dress code""]"
5f9fc852153e7b49e476c954,2020-11-02 14:20:23,Product Development (Health & Personal Care),Mountainor Well Being Private Limited,Hyderabad,Immediately, 7000 /month,6 Months,"11 Nov' 20",Internship,"[""English Proficiency (Spoken)"",""English Proficiency (Written)"",""MS-Excel""]"
5f9fc853153e7b49e476c955,2020-11-02 14:20:26,Operations (MBA),Uniworks Designs Private Limited,Hyderabad,Immediately, 10000 /month,6 Months,"11 Nov' 20",Internship,"[""MS-Excel"",""Certificate""]"
5f9fc853153e7b49e476c956,2020-11-02 14:20:27,Digital Marketing,NutanTek Solutions LLP,Ghaziabad,Immediately, 4000 /month,6 Months,"10 Nov' 20",Internship,"[""Social Media Marketing"",""MS-PowerPoint"",""Facebook Marketing"",""Video Making"",""Certificate"","" Letter of recommendation"","" Flexible work hours"","" Free snacks & beverages""]"
5f9fc854153e7b49e476c957,2020-11-02 14:20:27,Human Resources (HR),Innovativeads,Hyderabad,Immediately, 2000-5000 /month,3 Months,"10 Nov' 20",Internship,"[""MS-Office"",""Certificate"","" Letter of recommendation"","" Flexible work hours""]"
5f9fc855153e7b49e476c958,2020-11-02 14:20:28,Business Development (Sales),StanPlus Technologies Private Limited,Hyderabad,Immediately, 5000 /month +  Incentives,2 Months,"10 Nov' 20",Internship with job offer,"[""MS-Excel"",""Client Relationship"",""Certificate"","" Letter of recommendation"","" Job offer""]"
5f9fc856153e7b49e476c959,2020-11-02 14:20:29,Web Development,Design Nation,Hyderabad,Immediately, 2000-3000 /month,4 Months,"10 Nov' 20",Internship,"[""HTML"",""WordPress"",""Certificate"","" Letter of recommendation"","" Flexible work hours"","" Informal dress code"","" 5 days a week"","" Free snacks & beverages""]"
5f9fc856153e7b49e476c95a,2020-11-02 14:20:30,Social Media Marketing,The Branding Company,Hyderabad,Immediately, 5000 /month,3 Months,"10 Nov' 20",Internship,"[""Social Media Marketing"",""Facebook Marketing"",""Instagram Marketing"",""Certificate"","" Letter of recommendation"","" Flexible work hours"","" Informal dress code"","" 5 days a week""]"
5f9fc857153e7b49e476c95b,2020-11-02 14:20:30,Community Management,Rizzle,Hyderabad,Immediately, 7000-10000 /month,3 Months,"10 Nov' 20",Internship,"[""Event Management"",""MS-Excel"",""English Proficiency (Spoken)"",""English Proficiency (Written)"",""Certificate"","" Flexible work hours"","" 5 days a week""]"
5f9fc858153e7b49e476c95c,2020-11-02 14:20:31,Operations,Mounty Outdoor Adventures Private Limited,Hyderabad,Immediately, 8000 /month,6 Months,"10 Nov' 20",Internship with job offer,"[""MS-PowerPoint"",""MS-Excel"",""English Proficiency (Spoken)"",""English Proficiency (Written)"",""Hindi Proficiency (Spoken)"",""Certificate"","" Letter of recommendation"","" Informal dress code"","" Job offer""]"
5f9fc859153e7b49e476c95d,2020-11-02 14:20:32,Energy Engineering,Zenith Energy Services Private Limited,Hyderabad,Immediately, 5000 /month,3 Months,"10 Nov' 20",Internship,"[""MS-Word"",""MS-PowerPoint"",""MS-Excel"",""English Proficiency (Spoken)"",""English Proficiency (Written)"",""Certificate"","" Letter of recommendation"","" Flexible work hours""]"
5f9fc859153e7b49e476c95e,2020-11-02 14:20:33,Sales And Marketing,Facehiring,Hyderabad,Immediately, 5000 /month,6 Months,"10 Nov' 20",Internship,"[""Certificate"","" Letter of recommendation"","" 5 days a week""]"
5f9fc85b153e7b49e476c95f,2020-11-02 14:20:33,Content Writing,UnioLabs,Hyderabad,Immediately, 3000 /month,3 Months,"10 Nov' 20",Internship,"[""Search Engine Optimization (SEO)"",""English Proficiency (Spoken)"",""English Proficiency (Written)"",""Certificate"","" Flexible work hours"","" 5 days a week""]"
5f9fc85b153e7b49e476c960,2020-11-02 14:20:35,Graphic Design,Mountainor Well Being Private Limited,Hyderabad,Immediately, 10000 /month,3 Months,"10 Nov' 20",Internship,"[""Adobe Photoshop"",""CorelDRAW"",""Adobe Illustrator"",""3ds Max""]"
5f9fc85c153e7b49e476c961,2020-11-02 14:20:35,Customer Success Management,Joveo Technologies Private Limited,Bangalore,Immediately, 10000 /month,6 Months,"10 Nov' 20",Internship,"[""MS-Office"",""Certificate"","" Letter of recommendation""]"
5f9fc85d153e7b49e476c962,2020-11-02 14:20:36,Digital Marketing,Fifth Avenue Event Management,Hyderabad,Immediately, 7000-12000 /month,6 Months,"10 Nov' 20",Internship,"[""Certificate"","" Informal dress code""]"
5f9fc85e153e7b49e476c963,2020-11-02 14:20:37,Content Writing,Oddy Labs,Hyderabad,Immediately, 7000 /month,6 Months,"10 Nov' 20",Internship,"[""MS-Word"",""Creative Writing"",""Certificate"","" Letter of recommendation"","" Flexible work hours"","" Informal dress code""]"
5f9fc85f153e7b49e476c964,2020-11-02 14:20:38,Marketing,GetInHours,Kolkata,Immediately, 3000 /month +  Incentives,1 Month,"10 Nov' 20",Internship,"[""Certificate""]"
5f9fc85f153e7b49e476c965,2020-11-02 14:20:39,Business Development (Sales),Good Life Sports And Infra Project,Secunderabad,Immediately, 10000 /month,2 Months,"10 Nov' 20",Internship,"[""Social Media Marketing"",""MS-Word"",""MS-PowerPoint"",""Facebook Marketing"",""MS-Excel"",""Instagram Marketing"",""Certificate"","" Letter of recommendation"","" Flexible work hours"","" Informal dress code"","" Free snacks & beverages""]"
5f9fc861153e7b49e476c966,2020-11-02 14:20:39,Mechanical Engineering,Right Cars India,Hyderabad,Immediately, 3000 /month,2 Months,"10 Nov' 20",Internship with job offer,"[""Video Editing"",""Digital Marketing"",""Email Marketing"",""Certificate"","" Letter of recommendation"","" Informal dress code"","" Job offer""]"
5f9fc862153e7b49e476c967,2020-11-02 14:20:41,Pharmacist,Netmeds Marketplace Limited,Bangalore,Immediately, 7000 /month +  Incentives,6 Months,"10 Nov' 20",Internship with job offer,"[""Chemistry"",""Job offer""]"
5f9fc862153e7b49e476c968,2020-11-02 14:20:42,Digital Marketing,GenY Medium,Hyderabad,Immediately, 8000 /month,6 Months,"10 Nov' 20",Internship,"[""MS-Office"",""Digital Marketing"",""Client Relationship"",""Certificate"","" 5 days a week""]"
5f9fc865153e7b49e476c969,2020-11-02 14:20:42,Interior Design,Crafted Edge,Visakhapatnam,Immediately, 10000-15000 /month,6 Months,"10 Nov' 20",Internship,"[""AutoCAD"",""Google SketchUp "",""Certificate""]"
5f9fc865153e7b49e476c96a,2020-11-02 14:20:45,Electronics Engineering,UnioLabs,Hyderabad,Immediately, 3000 /month,3 Months,"9 Nov' 20",Internship with job offer,"[""Python"",""Raspberry Pi"",""Atmel AVR"",""Arduino"",""Circuit Design"",""C Programming"",""C++ Programming"",""Certificate"","" Letter of recommendation"","" Flexible work hours"","" Job offer""]"
5f9fc868153e7b49e476c96b,2020-11-02 14:20:45,Business Development (Sales),Tesseract Education,Chennai,Immediately, 5000 /month,3 Months,"9 Nov' 20",Internship,"[""Certificate"","" Letter of recommendation"","" Flexible work hours"","" Informal dress code""]"
5f9fc86e153e7b49e476c96c,2020-11-02 14:20:52,Procurement And Supplier Management,Activa Incorporation,Hyderabad,Immediately, 10000 /month,6 Months,"9 Nov' 20",Internship with job offer,"[""MS-Office"",""English Proficiency (Spoken)"",""English Proficiency (Written)"",""MS-Excel"",""Certificate"","" 5 days a week"","" Job offer""]"
5f9fc86f153e7b49e476c96d,2020-11-02 14:20:54,Content Writing,PRIMECCENTRIC PRIVATE LIMITED,Hyderabad,Immediately, 6000 /month,3 Months,"9 Nov' 20",Internship,"[""Social Media Marketing"",""Blogging"",""Digital Marketing"",""Certificate"","" Letter of recommendation"","" Informal dress code"","" Free snacks & beverages""]"
5f9fc870153e7b49e476c96e,2020-11-02 14:20:55,Public Relations,Vishnu Chemicals Limited,Hyderabad,Immediately, 10000-14000 /month,5 Months,"9 Nov' 20",Internship,"[""MS-Office"",""English Proficiency (Spoken)"",""Hindi Proficiency (Spoken)"",""Certificate"","" Letter of recommendation"","" 5 days a week""]"
5f9fc871153e7b49e476c96f,2020-11-02 14:20:56,Web Development,Thirdeye Retail Private Limited,Hyderabad,Immediately, 9000-12000 /month,6 Months,"9 Nov' 20",Internship,"[""PHP"",""HTML"",""WordPress"",""UI & UX Design"",""Certificate"","" Letter of recommendation""]"
5f9fc873153e7b49e476c970,2020-11-02 14:20:57,Machine Learning,Protron Technologies Pvt. Ltd,Hyderabad,Immediately, 5000 /month,3 Months,"9 Nov' 20",Internship,"[""OpenCV"",""Machine Learning"",""Raspberry Pi"",""Certificate"","" Flexible work hours"","" Informal dress code"","" 5 days a week""]"
5f9fc874153e7b49e476c971,2020-11-02 14:20:59,Operations,PRIMECCENTRIC PRIVATE LIMITED,Hyderabad,Immediately, 6000-8000 /month,4 Months,"9 Nov' 20",Internship,"[""Certificate"","" Letter of recommendation"","" Informal dress code"","" Free snacks & beverages""]"
5f9fc875153e7b49e476c972,2020-11-02 14:21:00,Mobile App Development,TheIndianMom,Delhi,Immediately, 2000 /month,2 Months,"9 Nov' 20",Internship,"[""Java"",""Kotlin"",""Certificate"","" Letter of recommendation"","" Flexible work hours"","" Informal dress code"","" 5 days a week""]"
5f9fc875153e7b49e476c973,2020-11-02 14:21:01,Marketing,Small Basket (SARASWATHI AGENCIES),Hyderabad,Immediately, 2000 /month,3 Months,"9 Nov' 20",Internship,"[""English Proficiency (Spoken)"",""Hindi Proficiency (Spoken)"",""Telugu Proficiency (Spoken)"",""Certificate"","" Letter of recommendation"","" Flexible work hours"","" Informal dress code"","" 5 days a week""]"
5f9fc876153e7b49e476c974,2020-11-02 14:21:01,Business Development (Sales),Highway Delite,Karimnagar,Immediately, 2000 /month +  Incentives,3 Months,"9 Nov' 20",Internship,"[""MS-Excel"",""English Proficiency (Spoken)"",""Hindi Proficiency (Spoken)"",""Certificate""]"
5f9fc877153e7b49e476c975,2020-11-02 14:21:02,Finance,Shrikrishans Blacbox Consulting Private Limited,Hyderabad,Immediately, 10000 /month,3 Months,"9 Nov' 20",Internship,"[""Certificate"","" Letter of recommendation"","" Flexible work hours"","" 5 days a week""]"
5f9fc878153e7b49e476c976,2020-11-02 14:21:03,Field Sales,Eukleia Technologies Private Limited,Hyderabad,Immediately, 2000 /month +  Incentives,3 Months,"9 Nov' 20",Internship,"[""Certificate""]"
5f9fc879153e7b49e476c977,2020-11-02 14:21:04,Event Management,3Mark Services,Hyderabad,Immediately, 2000 /month,3 Months,"9 Nov' 20",Internship,"[""Certificate""]"
5f9fc87a153e7b49e476c978,2020-11-02 14:21:05,Business Development (Sales),3Mark Services,Hyderabad,Immediately, 3000 /month,3 Months,"9 Nov' 20",Internship,"[""Certificate"","" Letter of recommendation""]"
5f9fc87b153e7b49e476c979,2020-11-02 14:21:06,Social Media Marketing,3Mark Services,Hyderabad,Immediately, 2000 /month,3 Months,"9 Nov' 20",Internship,"[""Certificate"","" Letter of recommendation""]"
5f9fc87c153e7b49e476c97a,2020-11-02 14:21:07,Business Development (Sales),Colorsmart Enterprises,Chennai,Immediately, 2000 /month +  Incentives,3 Months,"9 Nov' 20",Internship with job offer,"[""Certificate"","" Letter of recommendation"","" Flexible work hours"","" Job offer""]"
5f9fc87d153e7b49e476c97b,2020-11-02 14:21:08,Telesales,EMEA TECH HOUSE,Kolkata,Immediately, 7500 /month,3 Months,"9 Nov' 20",Internship,"[""Salesforce"",""English Proficiency (Spoken)"",""Certificate"","" Letter of recommendation"","" 5 days a week""]"
5f9fc87e153e7b49e476c97c,2020-11-02 14:21:09,Media & Public Relations (PR),Lloyd Harrington Australia Proprietary Limited,Hyderabad,Immediately, 7000 /month,6 Months,"29 Nov' 20",Internship,"[""Certificate"","" Flexible work hours""]"
5f9fc87e153e7b49e476c97d,2020-11-02 14:21:10,Digital Marketing,Innovativeads,Hyderabad,Immediately, 2000-5000 /month,6 Months,"8 Nov' 20",Internship,"[""Digital Marketing"",""Certificate"","" Letter of recommendation"","" Flexible work hours""]"
5f9fc87f153e7b49e476c97e,2020-11-02 14:21:10,Operations,Gigforce Private Limited,Hyderabad,Immediately, 20000 /month,2 Months,"8 Nov' 20",Internship,"[""Certificate"","" Letter of recommendation""]"
5f9fc881153e7b49e476c97f,2020-11-02 14:21:11,Marketing,Admissions Abroad,Chennai,Immediately, 7000 /month,6 Months,"8 Nov' 20",Internship with job offer,"[""Certificate"","" Letter of recommendation"","" Flexible work hours"","" Informal dress code"","" Job offer""]"
5f9fc881153e7b49e476c980,2020-11-02 14:21:13,Graphic Design,ImbueDesk,Hyderabad,Immediately, 10000-20000 /month,3 Months,"8 Nov' 20",Internship with job offer,"[""Social Media Marketing"",""Adobe Illustrator"",""Video Editing"",""Adobe Premiere Pro"",""Creative Writing"",""Video Making"",""Adobe After Effects"",""Certificate"","" Letter of recommendation"","" Informal dress code"","" Free snacks & beverages"","" Job offer""]"
5f9fc882153e7b49e476c981,2020-11-02 14:21:13,Social Media Marketing,8Views,Hyderabad,Immediately, 5000 /month,2 Months,"8 Nov' 20",Internship,"[""Digital Marketing""]"
5f9fc883153e7b49e476c982,2020-11-02 14:21:14,Product Design,Marut Drones,Hyderabad,Immediately, 4000-8000 /month,3 Months,"7 Nov' 20",Internship,"[""AutoCAD"",""MS-Office"",""SolidWorks"",""Certificate"","" Flexible work hours"","" 5 days a week""]"
5f9fc884153e7b49e476c983,2020-11-02 14:21:15,Amazon And Flipkart Account Management,Mountainor Well Being Private Limited,Hyderabad,Immediately, 8000 /month,3 Months,"7 Nov' 20",Internship,"[""MS-Office"",""English Proficiency (Spoken)"",""English Proficiency (Written)""]"
5f9fc884153e7b49e476c984,2020-11-02 14:21:16,Administration,Ken Institute Of Executive Learning Private Limited,Hyderabad,Immediately, 15000 /month,6 Months,"7 Nov' 20",Internship,"[""Certificate"","" Letter of recommendation"","" Informal dress code""]"
5f9fc885153e7b49e476c985,2020-11-02 14:21:16,Mobile App Development,GMW SmartAuto,Hyderabad,Immediately, 15000-20000 /month,3 Months,"7 Nov' 20",Internship,"[""Java"",""Raspberry Pi"",""Internet of Things (IoT)"",""Android""]"
5f9fc886153e7b49e476c986,2020-11-02 14:21:17,Business Development (Sales),Hello AMC Services,Secunderabad,Immediately, 6000 /month +  Incentives,6 Months,"7 Nov' 20",Internship,"[""Certificate"","" Letter of recommendation""]"
5f9fc887153e7b49e476c987,2020-11-02 14:21:18,Social Media Marketing,Ashtamangal Solutions And Services,Chennai,Immediately, 4000 /month,2 Months,"7 Nov' 20",Internship with job offer,"[""Adobe Photoshop"",""WordPress"",""Digital Marketing"",""Google AdWords"",""Creative Writing"",""Copywriting"",""Animation"",""English Proficiency (Written)"",""Instagram Marketing"",""Certificate"","" Letter of recommendation"","" Job offer""]"
5f9fc888153e7b49e476c988,2020-11-02 14:21:19,Digital Marketing,Stanvisage,Hyderabad,Immediately, 10000-20000 /month,3 Months,"7 Nov' 20",Internship,"[""Certificate"","" Flexible work hours"","" Informal dress code"","" 5 days a week""]"
5f9fc889153e7b49e476c989,2020-11-02 14:21:20,Marketing,Yumzy - The Food Delivery App,Chennai,Immediately, 2000 /month +  Incentives,1 Month,"6 Nov' 20",Internship with job offer,"[""Social Media Marketing"",""Digital Marketing"",""Instagram Marketing"",""Certificate"","" Letter of recommendation"","" Flexible work hours"","" Informal dress code"","" Job offer""]"
5f9fc889153e7b49e476c98a,2020-11-02 14:21:21,Digital Marketing,Digital Quest,Hyderabad,Immediately, 4000 /month,3 Months,"6 Nov' 20",Internship,"[""Digital Marketing"",""Google AdWords"",""Search Engine Optimization (SEO)"",""Certificate"","" Letter of recommendation"","" Flexible work hours""]"
5f9fc88a153e7b49e476c98b,2020-11-02 14:21:21,Operations,Uniworks Designs Private Limited,Hyderabad,Immediately, 10000 /month,6 Months,"6 Nov' 20",Internship,"[""MS-Excel"",""Certificate""]"
5f9fc88b153e7b49e476c98c,2020-11-02 14:21:22,Customer Service,Nsemble AI,Ahmedabad,Immediately, 3000-5000 /month,6 Months,"6 Nov' 20",Internship,"[""Certificate"","" Letter of recommendation""]"
5f9fc88c153e7b49e476c98d,2020-11-02 14:21:23,Human Resources (HR),EKincare,Hyderabad,Immediately, 10000 /month,6 Months,"6 Nov' 20",Internship,"[""Certificate"","" Letter of recommendation"","" Flexible work hours"","" 5 days a week""]"
5f9fc88c153e7b49e476c98e,2020-11-02 14:21:24,Ethereum Blockchain,Thynkblynk Technologies Private Limited,Hyderabad,Immediately, 8000-15000 /month,6 Months,"6 Nov' 20",Internship with job offer,"[""C#"","".NET"",""Blockchain"",""Ethereum"",""Certificate"","" Letter of recommendation"","" Flexible work hours"","" Informal dress code"","" 5 days a week"","" Free snacks & beverages"","" Job offer""]"
5f9fc88d153e7b49e476c98f,2020-11-02 14:21:24,Vendor Management (Agricultural Produce),Activa Incorporation,Hyderabad,Immediately, 10000 /month,6 Months,"6 Nov' 20",Internship,"[""MS-Office"",""English Proficiency (Spoken)"",""English Proficiency (Written)"",""Certificate"","" Letter of recommendation"","" 5 days a week""]"
5f9fc88e153e7b49e476c990,2020-11-02 14:21:25,Drone And Robotics Engineering,Activa Incorporation,Hyderabad,Immediately, 10000 /month,4 Months,"6 Nov' 20",Internship with job offer,"[""Physics"",""C Programming"",""C++ Programming"",""Certificate"","" Letter of recommendation"","" 5 days a week"","" Job offer""]"
5f9fc88f153e7b49e476c991,2020-11-02 14:21:26,Administration,Ken Institute Of Executive Learning Private Limited,Hyderabad,Immediately, 15000 /month,6 Months,"6 Nov' 20",Internship with job offer,"[""MS-Office"",""MS-PowerPoint"",""MS-Excel"",""English Proficiency (Spoken)"",""English Proficiency (Written)"",""Certificate"","" Letter of recommendation"","" Informal dress code"","" Job offer""]"
5f9fc88f153e7b49e476c992,2020-11-02 14:21:27,Marketing,Vasu Facility Management Services,Hyderabad,Immediately, 7000 /month +  Incentives,3 Months,"6 Nov' 20",Internship,"[""Letter of recommendation""]"
5f9fc891153e7b49e476c993,2020-11-02 14:21:28,Business Development (Sales),E-Trio Automobiles Private Limited,Hyderabad,Immediately, 5000 /month +  Incentives,2 Months,"6 Nov' 20",Internship with job offer,"[""Certificate"","" Letter of recommendation"","" Informal dress code"","" Job offer""]"
5f9fc896153e7b49e476c994,2020-11-02 14:21:31,Digital Marketing,E-Trio Automobiles Private Limited,Hyderabad,Immediately, 5000 /month,2 Months,"6 Nov' 20",Internship with job offer,"[""Social Media Marketing"",""Digital Marketing"",""Certificate"","" Letter of recommendation"","" Informal dress code"","" Job offer""]"
5f9fc897153e7b49e476c995,2020-11-02 14:21:34,Marketing,RightMark Solutions,Chennai,Immediately, 10000 /month,1 Month,"6 Nov' 20",Internship with job offer,"[""English Proficiency (Spoken)"",""English Proficiency (Written)"",""Telugu Proficiency (Spoken)"",""Tamil Proficiency (Spoken)"",""Certificate"","" Letter of recommendation"","" Flexible work hours"","" Job offer""]"
5f9fc898153e7b49e476c996,2020-11-02 14:21:35,Human Resources (HR),Shiva Ganga Spices,Ahmedabad,Immediately, 4000 /month +  Incentives,6 Weeks,"6 Nov' 20",Internship,"[""MS-Office"",""MS-Word"",""MS-PowerPoint"",""MS-Excel"",""Certificate"","" Letter of recommendation"","" Flexible work hours""]"
5f9fc899153e7b49e476c997,2020-11-02 14:21:36,Business Development (Sales),Shiva Ganga Spices,Delhi,Immediately, 7000 /month,6 Weeks,"6 Nov' 20",Internship with job offer,"[""MS-Office"",""MS-Word"",""MS-PowerPoint"",""Salesforce"",""MS-Excel"",""Certificate"","" Letter of recommendation"","" Flexible work hours"","" Job offer""]"
5f9fc899153e7b49e476c998,2020-11-02 14:21:37,Full Stack Development,Activa Incorporation,Hyderabad,Immediately, 12000 /month,5 Months,"5 Nov' 20",Internship with job offer,"[""Certificate"","" Letter of recommendation"","" 5 days a week"","" Job offer""]"
5f9fc89a153e7b49e476c999,2020-11-02 14:21:37,AR/VR/MR Engineering,Activa Incorporation,Hyderabad,Immediately, 10000 /month,3 Months,"5 Nov' 20",Internship with job offer,"[""Unity 3D"",""3ds Max"",""Unreal Engine"",""Unity Engine"",""Certificate"","" Letter of recommendation"","" 5 days a week"","" Job offer""]"
5f9fc89b153e7b49e476c99a,2020-11-02 14:21:38,PCB Engineering (Battery Management System),Activa Incorporation,Hyderabad,Immediately, 9000 /month,6 Months,"5 Nov' 20",Internship,"[""MS-Office"",""Embedded Systems"",""C Programming"",""PCB Design"",""C++ Programming"",""EAGLE"",""Certificate"","" Letter of recommendation"","" 5 days a week""]"
5f9fc89c153e7b49e476c99b,2020-11-02 14:21:39,Social Media Marketing,ZettaMine Technologies,Hyderabad,Immediately, 12000 /month,3 Months,"5 Nov' 20",Internship,"[""Digital Marketing"",""Google AdWords"",""Search Engine Optimization (SEO)"",""Facebook Marketing"",""Email Marketing"",""Instagram Marketing"",""Certificate"","" Letter of recommendation"","" Flexible work hours"","" 5 days a week""]"
5f9fc89d153e7b49e476c99c,2020-11-02 14:21:40,Human Resources (HR),Corp Security Solutions,Hyderabad,Immediately, 5000-10000 /month,3 Months,"5 Nov' 20",Internship with job offer,"[""Certificate"","" Letter of recommendation"","" Job offer""]"
5f9fc89f153e7b49e476c99d,2020-11-02 14:21:41,Business Development (Sales),Bryteside Technologies Private Limited,Hyderabad,Immediately, 8000-10000 /month,6 Months,"5 Nov' 20",Internship with job offer,"[""Certificate"","" Letter of recommendation"","" 5 days a week"","" Job offer""]"
5f9fc89f153e7b49e476c99e,2020-11-02 14:21:43,Software Testing,Thynkblynk Technologies Private Limited,Hyderabad,Immediately, 8000-15000 /month,6 Months,"5 Nov' 20",Internship with job offer,"[""Software Testing"",""Certificate"","" Letter of recommendation"","" Flexible work hours"","" Informal dress code"","" 5 days a week"","" Free snacks & beverages"","" Job offer""]"
5f9fc8a0153e7b49e476c99f,2020-11-02 14:21:43,UX/UI Design,Yardstick Educational Initiatives,Hyderabad,Immediately, 6000-10000 /month,6 Months,"5 Nov' 20",Internship,"[""Certificate"","" Letter of recommendation"","" Flexible work hours""]"
5f9fc8a1153e7b49e476c9a0,2020-11-02 14:21:44,Architectural Design,Royalmindz Infra Private Limited,Hyderabad,Immediately, 10000 /month,3 Months,"5 Nov' 20",Internship with job offer,"[""AutoCAD"",""Google SketchUp "",""Job offer""]"
5f9fc8a2153e7b49e476c9a1,2020-11-02 14:21:45,Field Sales,Abhigrow Solutions Private Limited,Delhi,Immediately, 5000 /month,1 Month,"5 Nov' 20",Internship,"[""Salesforce"",""English Proficiency (Spoken)"",""Hindi Proficiency (Spoken)"",""Certificate"","" Letter of recommendation""]"
5f9fc8a3153e7b49e476c9a2,2020-11-02 14:21:46,Social Media Marketing,EsaleMedia,Hyderabad,Immediately, 3000 /month,3 Months,"5 Nov' 20",Internship,"[""Adobe Photoshop"",""English Proficiency (Spoken)"",""English Proficiency (Written)"",""Certificate""]"
5f9fc8a4153e7b49e476c9a3,2020-11-02 14:21:47,Social Media Marketing,Rufarm,Hyderabad,Immediately, 5000 /month,3 Months,"5 Nov' 20",Internship with job offer,"[""Social Media Marketing"",""Adobe Photoshop"",""CorelDRAW"",""Adobe Illustrator"",""Computer Networking"",""Video Editing"",""Facebook Marketing"",""Creative Writing"",""Photography"",""Video Making"",""Certificate"","" Letter of recommendation"","" Job offer""]"
5f9fc8a4153e7b49e476c9a4,2020-11-02 14:21:48,Video Making/Editing,One Fine Day,Pune,Immediately, 12000-14000 /month,3 Months,"5 Nov' 20",Internship,"[""Adobe Premiere Pro"",""Photography"",""Adobe Audition"",""Adobe After Effects"",""FL Studio (formerly known as FruityLoops)"",""Letter of recommendation"","" Flexible work hours"","" Informal dress code""]"
5f9fc8a7153e7b49e476c9a5,2020-11-02 14:21:48,Web Development,Pathfold,Hyderabad,Immediately, 5000-8000 /month,3 Months,"5 Nov' 20",Internship,"[""WordPress"",""Ionic"",""Flutter"",""Angular 2.0"",""Certificate"","" Letter of recommendation"","" Flexible work hours""]"
5f9fc8a8153e7b49e476c9a6,2020-11-02 14:21:51,Sales,Food Bots,Bhubaneswar,Immediately, 3000 /month +  Incentives,3 Months,"5 Nov' 20",Internship,"[""Certificate"","" Letter of recommendation"","" Flexible work hours"","" Informal dress code""]"
5f9fc8a9153e7b49e476c9a7,2020-11-02 14:21:52,Human Resources (HR),Bryteside Technologies Private Limited,Hyderabad,Immediately, 8000 /month,6 Months,"5 Nov' 20",Internship,"[""5 days a week""]"
5f9fc8aa153e7b49e476c9a8,2020-11-02 14:21:53,Business Development (Sales),Greatcoder Technologies Private Limited,Hyderabad,Immediately, 8000-12000 /month,3 Months,"5 Nov' 20",Internship with job offer,"[""English Proficiency (Spoken)"",""English Proficiency (Written)"",""Certificate"","" Letter of recommendation"","" Informal dress code"","" 5 days a week"","" Free snacks & beverages"","" Job offer""]"
5f9fc8ab153e7b49e476c9a9,2020-11-02 14:21:54,Internet Of Things (IoT) And Cloud Managment,Rufarm,Hyderabad,Immediately, 10000 /month,6 Months,"5 Nov' 20",Internship with job offer,"[""Cloud Computing"",""PCB Design"",""Internet of Things (IoT)"",""EAGLE"",""iOS"",""Android"",""Certificate"","" Letter of recommendation"","" Job offer""]"
5f9fc8ab153e7b49e476c9aa,2020-11-02 14:21:55,Teaching,NNIIT,Secunderabad,Immediately, 8000-15000 /month,6 Months,"5 Nov' 20",Internship,"[""Teaching"",""Online Teaching"",""Certificate""]"
5f9fc8ac153e7b49e476c9ab,2020-11-02 14:21:55,Social Media Marketing,Upakarna,Mumbai,Immediately, 6000-9000 /month,3 Months,"5 Nov' 20",Internship,"[""Instagram Marketing"",""Certificate"","" Letter of recommendation"","" Informal dress code""]"
5f9fc8ad153e7b49e476c9ac,2020-11-02 14:21:56,Graphic Design,Yardstick Educational Initiatives,Hyderabad,Immediately, 6000-10000 /month,6 Months,"4 Nov' 20",Internship,"[""Adobe Photoshop"",""Adobe Illustrator"",""Adobe Indesign"",""Certificate"","" Letter of recommendation"","" Flexible work hours""]"
5f9fc8af153e7b49e476c9ad,2020-11-02 14:21:57,Human Resources (HR),Aapoon Digital Private Limited,Secunderabad,Immediately, 5000 /month,3 Months,"4 Nov' 20",Internship,"[""Certificate"","" Letter of recommendation"","" Flexible work hours""]"
5f9fc8b0153e7b49e476c9ae,2020-11-02 14:21:59,Photography,Homecrop,Hyderabad,Immediately, 3000 /month,1 Month,"4 Nov' 20",Internship,"[""Adobe Photoshop"",""Photography"",""Adobe Photoshop Lightroom CC"",""Certificate"","" Letter of recommendation"","" Flexible work hours""]"
5f9fc8b0153e7b49e476c9af,2020-11-02 14:22:00,Communication Management,Vitality Healh Services,Secunderabad,Immediately, 4000 /month,6 Months,"4 Nov' 20",Internship,"[""English Proficiency (Spoken)"",""Hindi Proficiency (Spoken)"",""Telugu Proficiency (Spoken)"",""Certificate"","" Letter of recommendation""]"
5f9fc8b1153e7b49e476c9b0,2020-11-02 14:22:00,UI/ UX Designing,OneCode.in,Hyderabad,Immediately, 5000 /month,3 Months,"4 Nov' 20",Internship,"[""Certificate"","" Letter of recommendation"","" Flexible work hours""]"
5f9fc8b2153e7b49e476c9b1,2020-11-02 14:22:01,Social Media Marketing,Thirdeye Retail Private Limited,Hyderabad,Immediately, 10000-12000 /month,6 Months,"15 Nov' 20",Internship,"[""Social Media Marketing"",""Blogging"",""Digital Marketing"",""English Proficiency (Written)"",""Certificate"","" Letter of recommendation""]"
5f9fc8b3153e7b49e476c9b2,2020-11-02 14:22:02,Marketing,Aapoon Digital Private Limited,Secunderabad,Immediately, 2000-3000 /month,3 Months,"4 Nov' 20",Internship,"[""Certificate"","" Letter of recommendation"","" Flexible work hours""]"
5f9fc8b3153e7b49e476c9b3,2020-11-02 14:22:03,Digital Marketing,Aapoon Digital Private Limited,Secunderabad,Immediately, 2000-3000 /month,3 Months,"4 Nov' 20",Internship,"[""Certificate"","" Letter of recommendation"","" Flexible work hours""]"
5f9fc8b5153e7b49e476c9b4,2020-11-02 14:22:03,Social Media Marketing,Aapoon Digital Private Limited,Secunderabad,Immediately, 2000-3000 /month,3 Months,"4 Nov' 20",Internship,"[""Certificate"","" Letter of recommendation"","" Flexible work hours""]"
5f9fc8b6153e7b49e476c9b5,2020-11-02 14:22:05,Graphic Design,Mahaa News,Hyderabad,Immediately, 5000 /month,2 Months,"4 Nov' 20",Internship with job offer,"[""Certificate"","" Informal dress code"","" Job offer""]"
5f9fc8b6153e7b49e476c9b6,2020-11-02 14:22:06,Mobile App Development,ImbueDesk,Hyderabad,Immediately, 15000-25000 /month,3 Months,"4 Nov' 20",Internship with job offer,"[""Flutter"",""Firebase"",""Dart"",""Cloud Firestore"",""Certificate"","" Letter of recommendation"","" Informal dress code"","" Free snacks & beverages"","" Job offer""]"
5f9fc8b7153e7b49e476c9b7,2020-11-02 14:22:06,Fashion Design,E Trading Corp,Hyderabad,Immediately, 3000-5000 /month,6 Months,"4 Nov' 20",Internship,"[""Fashion Designing"",""Certificate"","" Letter of recommendation"","" Flexible work hours"","" Informal dress code""]"
5f9fc8b8153e7b49e476c9b8,2020-11-02 14:22:07,Fashion Design,Nishras By Shravya Reddy,Hyderabad,Immediately, 12000-15000 /month,6 Months,"4 Nov' 20",Internship,"[""Fashion Designing"",""Fashion Styling"",""Certificate""]"
5f9fc8b9153e7b49e476c9b9,2020-11-02 14:22:08,Fashion And Textile development,Seed Funds,Hyderabad,Immediately, 2000 /month,2 Months,"3 Nov' 20",Internship,"[""Fashion Designing"",""Fashion Styling"",""Certificate"","" Letter of recommendation"","" Flexible work hours""]"
5f9fc8b9153e7b49e476c9ba,2020-11-02 14:22:09,Communications (Hindi & English),OneCode.in,Hyderabad,Immediately, 5000 /month,3 Months,"15 Nov' 20",Internship with job offer,"[""English Proficiency (Spoken)"",""English Proficiency (Written)"",""Hindi Proficiency (Spoken)"",""Hindi Proficiency(Written)"",""Certificate"","" Letter of recommendation"","" Flexible work hours"","" Job offer""]"
5f9fc8ba153e7b49e476c9bb,2020-11-02 14:22:09,Telecalling,GiveIndia,Chennai,Immediately, 5000 /month,2 Months,"3 Nov' 20",Internship,"[""English Proficiency (Spoken)"",""English Proficiency (Written)"",""Certificate"","" Letter of recommendation"","" 5 days a week""]"
5f9fc8bd153e7b49e476c9bc,2020-11-02 14:22:12,Research & Training (Robotics),Leap Robots,Hyderabad,Immediately, 8000 /month,6 Months,"3 Nov' 20",Internship with job offer,"[""Python"",""Robotics"",""Raspberry Pi"",""Embedded Systems"",""Arduino"",""C Programming"",""Certificate"","" Job offer""]"
5f9fc8bd153e7b49e476c9bd,2020-11-02 14:22:13,Business Development (Sales),Progressive Care,Secunderabad,Immediately, 10000-12000 /month,3 Months,"18 Nov' 20",Internship with job offer,"[""Certificate"","" Letter of recommendation"","" Flexible work hours"","" Job offer""]"
5f9fc8be153e7b49e476c9be,2020-11-02 14:22:13,Content Writing,WeMakeScholars,Hyderabad,Immediately, 10000-12000 /month,2 Months,"3 Nov' 20",Internship with job offer,"[""English Proficiency (Spoken)"",""English Proficiency (Written)"",""Certificate"","" Letter of recommendation"","" Flexible work hours"","" Informal dress code"","" Job offer""]"
5f9fc8bf153e7b49e476c9bf,2020-11-02 14:22:14,Video Making/Editing,Reviving Dreams,Hyderabad,Immediately, 12000-13000 /month,3 Months,"3 Nov' 20",Internship,"[""Adobe Photoshop"",""Adobe Premiere Pro"",""Adobe After Effects"",""Informal dress code""]"
5f9fc8c2153e7b49e476c9c0,2020-11-02 14:22:15,Cold Calling,Fenton Chemicals,Delhi,Immediately, 3000-8000 /month,1 Month,"24 Nov' 20",Internship,"[""MS-Excel"",""English Proficiency (Spoken)"",""Certificate""]"
5f9fc8c3153e7b49e476c9c1,2020-11-02 14:22:18,Business Development (Sales),Mahaa News,Hyderabad,Immediately, 7000 /month,3 Months,"3 Nov' 20",Internship with job offer,"[""Certificate"","" Informal dress code"","" Job offer""]"
5f9fc8c4153e7b49e476c9c2,2020-11-02 14:22:19,Corporate Innovation,T-Hub Foundation,Hyderabad,Immediately, 5000-8000 /month,6 Months,"3 Nov' 20",Internship,"[""Certificate"","" Informal dress code"","" 5 days a week"","" Free snacks & beverages""]"
5f9fc8c5153e7b49e476c9c3,2020-11-02 14:22:20,Web Development,Metrofixers,Hyderabad,Immediately, 10000 /month,4 Months,"3 Nov' 20",Internship,"[""WordPress""]"
5f9fc8c6153e7b49e476c9c4,2020-11-02 14:22:21,Proofreading,GiveIndia,Chennai,Immediately, 5000 /month,2 Months,"3 Nov' 20",Internship,"[""MS-Excel"",""English Proficiency (Spoken)"",""English Proficiency (Written)"",""Certificate"","" Letter of recommendation"","" Flexible work hours"","" 5 days a week""]"
5f9fc8c8153e7b49e476c9c5,2020-11-02 14:22:22,Digital Marketing,Yatra Softech Private Limited,Chennai,Immediately, 5000 /month,3 Months,"3 Nov' 20",Internship,"[""Java"","".NET"",""MS-Word"",""MS-PowerPoint"",""MS-Excel"",""Certificate"","" Letter of recommendation""]"
5f9fc8cb153e7b49e476c9c6,2020-11-02 14:22:24,Digital Marketing,Ridge Info Technology,Chennai,Immediately, 2000-7000 /month,1 Month,"2 Nov' 20",Internship,"[""Computer Networking"",""Digital Marketing"",""Accounting"",""Financial Modeling"",""Client Relationship"",""Certificate"","" Letter of recommendation"","" Flexible work hours"","" 5 days a week""]"
5f9fc8cb153e7b49e476c9c7,2020-11-02 14:22:27,Digital Marketing,Incrivelsoft,Hyderabad,Immediately, 6000-10000 /month,6 Months,"2 Nov' 20",Internship,"[""Flexible work hours""]"
5f9fc8cc153e7b49e476c9c8,2020-11-02 14:22:27,Field Visit/Site Visit,Biltrax Construction Data,Gurgaon,Immediately, 2000 /week +  Incentives,2 Weeks,"23 Nov' 20",Internship,"[""Certificate""]"
5f9fc8cd153e7b49e476c9c9,2020-11-02 14:22:28,iOS App Development,OSOS Private Limited,Hyderabad,Immediately, 20000 /month,3 Months,"2 Nov' 20",Internship with job offer,"[""Xcode"",""Swift"",""Certificate"","" Letter of recommendation"","" Informal dress code"","" Free snacks & beverages"","" Job offer""]"
5f9fc8ce153e7b49e476c9ca,2020-11-02 14:22:29,Web Development,Livasys IT Solutions,Hyderabad,Immediately, 4000 /month,6 Months,"21 Nov' 20",Internship with job offer,"[""PHP"",""CodeIgniter"",""Certificate"","" Letter of recommendation"","" Flexible work hours"","" Job offer""]"
5f9fc8cf153e7b49e476c9cb,2020-11-02 14:22:30,Content Writing,Dibbu Solutions Private Limited,Hyderabad,Immediately, 10000-15000 /month,2 Months,"12 Nov' 20",Internship,"[""Blogging"",""Copywriting"",""English Proficiency (Written)"",""Certificate"","" Letter of recommendation"","" Flexible work hours"","" Informal dress code"","" 5 days a week"","" Free snacks & beverages""]"
5f9fc8cf153e7b49e476c9cc,2020-11-02 14:22:31,Customer Service,Laalsa Business Insights Private Limited,Hyderabad,Immediately, 10000-20000 /month,6 Months,"20 Nov' 20",Internship with job offer,"[""MS-Office"",""English Proficiency (Spoken)"",""English Proficiency (Written)"",""Certificate"","" Letter of recommendation"","" Flexible work hours"","" Informal dress code"","" Job offer""]"
5f9fc8d1153e7b49e476c9cd,2020-11-02 14:22:31,Content Writing,Oddy Labs,Hyderabad,Immediately, 4000 /month,6 Months,"20 Nov' 20",Internship with job offer,"[""MS-Office"",""Search Engine Optimization (SEO)"",""English Proficiency (Spoken)"",""English Proficiency (Written)"",""Certificate"","" Letter of recommendation"","" Flexible work hours"","" Informal dress code"","" Job offer""]"
5f9fc8d2153e7b49e476c9ce,2020-11-02 14:22:33,Business Development (Sales),Exygo,Visakhapatnam,Immediately, 6000-10000 /month,3 Months,"19 Nov' 20",Internship,"[""English Proficiency (Spoken)"",""English Proficiency (Written)"",""Hindi Proficiency(Spoken)"",""Certificate"","" Letter of recommendation"","" Flexible work hours"","" 5 days a week""]"
5f9fc8d2153e7b49e476c9cf,2020-11-02 14:22:34,Operations,Oddy Labs,Hyderabad,Immediately, 4000 /month,6 Months,"17 Nov' 20",Internship,"[""MS-Word"",""MS-Excel"",""English Proficiency (Spoken)"",""English Proficiency (Written)"",""Certificate"","" Letter of recommendation"","" Flexible work hours"","" Informal dress code""]"
5f9fc8d3153e7b49e476c9d0,2020-11-02 14:22:34,Visual Storytelling,Switch90,Hyderabad,Immediately, 15000 /month,3 Months,"7 Nov' 20",Internship,[]
5f9fc8d5153e7b49e476c9d1,2020-11-02 14:22:35,Graphic Design,Dibbu Solutions Private Limited,Hyderabad,Immediately, 5000-10000 /month,3 Months,"15 Nov' 20",Internship,"[""Adobe Photoshop"",""Photography"",""Adobe Photoshop Lightroom CC"",""Certificate"","" Letter of recommendation"","" Flexible work hours"","" Informal dress code"","" Free snacks & beverages""]"
5f9fc8d5153e7b49e476c9d2,2020-11-02 14:22:37,Mobile App Development,NNIIT,Hyderabad,Immediately, 6000-12000 /month,6 Months,"15 Nov' 20",Internship,"[""iOS"",""Android"",""Certificate"","" Letter of recommendation"","" Flexible work hours""]"
5f9fc8d6153e7b49e476c9d3,2020-11-02 14:22:37,Graphic Design,NNIIT,Hyderabad,Immediately, 6000-12000 /month,6 Months,"15 Nov' 20",Internship,"[""Certificate"","" Letter of recommendation"","" Flexible work hours""]"
5f9fc8d7153e7b49e476c9d4,2020-11-02 14:22:38,Chat Based Customer Support,FunPay.in,Chennai,Immediately, 12000 /month,6 Months,"14 Nov' 20",Internship,"[""Certificate"","" Letter of recommendation"","" Flexible work hours""]"
5f9fc8d8153e7b49e476c9d5,2020-11-02 14:22:39,Digital Writing,MonkeyPanda Creative Services Private Limited,Hyderabad,Immediately, 2000 /month,3 Months,"6 Nov' 20",Internship with job offer,"[""Certificate"","" Letter of recommendation"","" Flexible work hours"","" Free snacks & beverages"","" Job offer""]"
5f9fc8d8153e7b49e476c9d6,2020-11-02 14:22:40,Journalism,UDAAN - The Center Of Theatre Art & Child Development,Agra,Immediately,Unpaid,2 Months,"13 Nov' 20",Internship,"[""Certificate"","" Flexible work hours""]"
5f9fc8d9153e7b49e476c9d7,2020-11-02 14:22:40,Business Development (Sales),Right Fin Associates,Secunderabad,Immediately, 2000-7000 /month,3 Months,"11 Nov' 20",Internship,"[""Certificate"","" Letter of recommendation""]"
5f9fc8da153e7b49e476c9d8,2020-11-02 14:22:41,Business Development (Sales),MothersFood,Faridabad,Immediately, 7000-10000 /month,3 Months,"9 Nov' 20",Internship,"[""Facebook Marketing"",""Email Marketing"",""Instagram Marketing"",""Certificate"","" Letter of recommendation""]"
5f9fc8db153e7b49e476c9d9,2020-11-02 14:22:42,Electronics/Embedded Engineering,Maker Global,Hyderabad,Immediately, 6000 /month,6 Months,"5 Nov' 20",Internship with job offer,"[""Certificate"","" Job offer""]"
5f9fc8dc153e7b49e476c9da,2020-11-02 14:22:43,Digital Marketing,Livasys IT Solutions,Hyderabad,Immediately, 4000-6000 /month,6 Months,"3 Nov' 20",Internship,"[""Social Media Marketing"",""Digital Marketing"",""Facebook Marketing"",""Certificate"","" Letter of recommendation"","" Informal dress code"","" Free snacks & beverages""]"