_id,Date Time,profile,company,Location,Start Date,Stipend,Duration,Apply by Date,Offer,Skills and Perks
5f9fcb07fe00d03aec2996d9,2020-11-02 14:31:58,Marketing,"BYJU'S The Learning App",Kolkata,Immediately, 15000 /month,1 Month,"12 Nov' 20",Internship,"[""Bengali Proficiency (Spoken)"",""English Proficiency (Spoken)"",""Letter of recommendation""]"
5f9fcb07fe00d03aec2996da,2020-11-02 14:31:59,Business Development (Sales),Aditya Birla Capital,Kolkata,Immediately, 2000 /month,3 Months,"10 Nov' 20",Internship with job offer,"[""Certificate"","" Letter of recommendation"","" Informal dress code"","" Job offer""]"
5f9fcb08fe00d03aec2996db,2020-11-02 14:31:59,Marketing,"BYJU'S The Learning App",Kolkata,Immediately, 15000 /month,1 Month,"5 Nov' 20",Internship,"[""MS-Excel"",""Letter of recommendation"","" Free snacks & beverages""]"
5f9fcb09fe00d03aec2996dc,2020-11-02 14:32:00,Business Development (Sales),Fortuna Impex Private Limited,Kolkata,Immediately, 8000 /month +  Incentives,6 Months,"16 Nov' 20",Internship with job offer,"[""MS-PowerPoint"",""Creative Writing"",""Video Making"",""Animation"",""Client Relationship"",""Certificate"","" Letter of recommendation"","" Flexible work hours"","" Job offer""]"
5f9fcb0afe00d03aec2996dd,2020-11-02 14:32:01,Web Development,Fortuna Impex Private Limited,Kolkata,Immediately, 8000 /month,3 Months,"16 Nov' 20",Internship,"[""C#"","".NET"",""Backbone.js"",""Bootstrap"",""Angular 7.0"",""Certificate"","" Letter of recommendation"","" Flexible work hours""]"
5f9fcb0bfe00d03aec2996de,2020-11-02 14:32:02,Embedded Systems With AI,Fortuna Impex Private Limited,Kolkata,Immediately, 10000 /month,4 Months,"16 Nov' 20",Internship,"[""Python"",""Eclipse (IDE)"",""Digital Signal Processing"",""ARM Microcontroller"",""Raspberry Pi"",""Embedded Systems"",""Internet of Things (IoT)"",""Artifical Intelligence"",""Certificate"","" Letter of recommendation"","" Flexible work hours""]"
5f9fcb0bfe00d03aec2996df,2020-11-02 14:32:03,Content Development (Commerce),CollegeShala,Asansol,Immediately, 25000 /month,3 Months,"16 Nov' 20",Internship with job offer,"[""MS-Office"",""Certificate"","" Letter of recommendation"","" Flexible work hours"","" Informal dress code"","" 5 days a week"","" Job offer""]"
5f9fcb0cfe00d03aec2996e0,2020-11-02 14:32:03,Marketing,Rajeev Classes,Asansol,Immediately, 4000 /month,3 Months,"16 Nov' 20",Internship,"[""Bengali Proficiency (Spoken)"",""English Proficiency (Spoken)"",""Hindi Proficiency (Spoken)"",""Certificate"","" Letter of recommendation"","" Flexible work hours"","" Informal dress code"","" Free snacks & beverages""]"
5f9fcb0dfe00d03aec2996e1,2020-11-02 14:32:04,Business Development (Sales),Fincomienzo Solutions Private Limited,Ahmedabad,Immediately, 2000 /month +  Incentives,4 Months,"16 Nov' 20",Internship with job offer,"[""Certificate"","" Letter of recommendation"","" Flexible work hours"","" Job offer""]"
5f9fcb0efe00d03aec2996e2,2020-11-02 14:32:05,Event Management,Formskart,Chandigarh,Immediately, 3000 /month,3 Months,"15 Nov' 20",Internship with job offer,"[""Social Media Marketing"",""Digital Marketing"",""English Proficiency (Spoken)"",""Certificate"","" Letter of recommendation"","" Job offer""]"
5f9fcb0ffe00d03aec2996e3,2020-11-02 14:32:06,Business Development (Sales),TECHNOLOGICS,Kolkata,Immediately, 8000 /month,3 Months,"15 Nov' 20",Internship,"[""Certificate"","" Letter of recommendation""]"
5f9fcb0ffe00d03aec2996e4,2020-11-02 14:32:07,Operations,UrbanServ,Delhi,Immediately, 12000 /month,6 Months,"15 Nov' 20",Internship,[]
5f9fcb10fe00d03aec2996e5,2020-11-02 14:32:07,Marketing,Mech Skillz Engineering Solutions Private Limited,Delhi,Immediately, 8000-12000 /month,2 Months,"15 Nov' 20",Internship with job offer,"[""English Proficiency (Spoken)"",""Certificate"","" Letter of recommendation"","" Flexible work hours"","" Job offer""]"
5f9fcb11fe00d03aec2996e6,2020-11-02 14:32:08,Marketing,Mart Infomedia Private Limited,Kolkata,Immediately, 5000 /month,6 Months,"15 Nov' 20",Internship,"[""English Proficiency (Spoken)"",""English Proficiency (Written)"",""Certificate"","" Letter of recommendation"","" Informal dress code""]"
5f9fcb12fe00d03aec2996e7,2020-11-02 14:32:09,Journalism (Correspondent & Feature Writing),Mart Infomedia Private Limited,Kolkata,Immediately, 5000 /month,6 Months,"15 Nov' 20",Internship with job offer,"[""Certificate"","" Letter of recommendation"","" Informal dress code"","" Job offer""]"
5f9fcb13fe00d03aec2996e8,2020-11-02 14:32:10,Social Media Marketing,Mart Infomedia Private Limited,Kolkata,Immediately, 5000 /month,6 Months,"15 Nov' 20",Internship with job offer,"[""Certificate"","" Letter of recommendation"","" Informal dress code"","" Job offer""]"
5f9fcb13fe00d03aec2996e9,2020-11-02 14:32:11,Business Development (Sales),Wear Me Fashion,Kolkata,Immediately, 6000 /month +  Incentives,6 Months,"15 Nov' 20",Internship,"[""Certificate"","" Letter of recommendation"","" Informal dress code"","" 5 days a week""]"
5f9fcb14fe00d03aec2996ea,2020-11-02 14:32:11,Online Marketing,Digi Streaks,Agra,Immediately, 2000 /month,1 Month,"15 Nov' 20",Internship,"[""English Proficiency (Spoken)"",""Hindi Proficiency (Spoken)"",""Certificate"","" Letter of recommendation"","" Flexible work hours"","" 5 days a week""]"
5f9fcb15fe00d03aec2996eb,2020-11-02 14:32:12,Business Development (Sales),Coupon Monster,Kolkata,Immediately, 3500 /month +  Incentives,1 Month,"15 Nov' 20",Internship with job offer,"[""Certificate"","" Letter of recommendation"","" Flexible work hours"","" Job offer""]"
5f9fcb16fe00d03aec2996ec,2020-11-02 14:32:13,iOS App Development,Fincomienzo Solutions Private Limited,Chennai,Immediately, 2000 /month +  Incentives,4 Months,"15 Nov' 20",Internship with job offer,"["".NET"",""iOS"",""Certificate"","" Letter of recommendation"","" Flexible work hours"","" Job offer""]"
5f9fcb17fe00d03aec2996ed,2020-11-02 14:32:14,Law/ Legal,Jhunjhunwala Sanjeev & Associates,Kolkata,Immediately, 15000 /month,6 Months,"14 Nov' 20",Internship,"[""MS-Office"",""Accounting"",""Tally"",""Report Writing"",""Free snacks & beverages""]"
5f9fcb18fe00d03aec2996ee,2020-11-02 14:32:15,Marketing,Digifuse,Agra,Immediately, 2000 lump sum,1 Month,"14 Nov' 20",Internship with job offer,"[""Social Media Marketing"",""MS-Office"",""Certificate"","" Letter of recommendation"","" Flexible work hours"","" 5 days a week"","" Job offer""]"
5f9fcb19fe00d03aec2996ef,2020-11-02 14:32:16,Business Development (Sales),Woodenstreet Furniture,Kolkata,Immediately, 15000-25000 /month,6 Months,"14 Nov' 20",Internship with job offer,"[""Job offer""]"
5f9fcb1afe00d03aec2996f0,2020-11-02 14:32:17,Business Development (Sales),CAREER OPTIONS,Kolkata,Immediately, 8000 /month,6 Months,"14 Nov' 20",Internship,"[""English Proficiency (Spoken)"",""Hindi Proficiency (Spoken)"",""Assamese Proficiency (Spoken)"",""Odia Proficiency(Spoken)"",""Certificate"","" Letter of recommendation"","" Free snacks & beverages""]"
5f9fcb1bfe00d03aec2996f1,2020-11-02 14:32:18,Social Media Marketing,STEM SHOP STORE,Delhi,Immediately, 15000 /month,3 Months,"14 Nov' 20",Internship,"[""HTML"",""Adobe Photoshop"",""Adobe Illustrator"",""Digital Marketing"",""Adobe Creative Suite"",""Search Engine Optimization (SEO)"",""Creative Writing"",""Certificate"","" Letter of recommendation"","" Flexible work hours"","" Informal dress code""]"
5f9fcb1cfe00d03aec2996f2,2020-11-02 14:32:19,Interior Design,Classique Interiors,Kolkata,Immediately, 10000 /month,3 Months,"14 Nov' 20",Internship,"[""Adobe Photoshop"",""CorelDRAW"",""3ds Max"",""Autodesk Maya"",""Certificate"","" Letter of recommendation"","" Flexible work hours"","" Informal dress code"","" 5 days a week"","" Free snacks & beverages""]"
5f9fcb1cfe00d03aec2996f3,2020-11-02 14:32:20,Operations,Rodo India,Kolkata,Immediately, 6000 /month +  Incentives,2 Months,"14 Nov' 20",Internship with job offer,"[""MS-Excel"",""Certificate"","" Letter of recommendation"","" Flexible work hours"","" Informal dress code"","" Job offer""]"
5f9fcb1dfe00d03aec2996f4,2020-11-02 14:32:20,Accounts,Protouch Sports,Kolkata,Immediately, 9000 /month,6 Months,"14 Nov' 20",Internship,"[""Tally"",""MS-Excel"",""Letter of recommendation""]"
5f9fcb1efe00d03aec2996f5,2020-11-02 14:32:21,Company Secretary (CS),Jhunjhunwala Sanjeev & Associates,Kolkata,Immediately, 10000-20000 /month,6 Months,"14 Nov' 20",Internship,"[""MS-Office"",""Free snacks & beverages""]"
5f9fcb1ffe00d03aec2996f6,2020-11-02 14:32:22,Digital Marketing,BLUEBOX PRINTECH LLP,Kolkata,Immediately, 10000 /month,3 Months,"14 Nov' 20",Internship,"[""Social Media Marketing"",""Search Engine Marketing (SEM)"",""Digital Marketing"",""Facebook Marketing"",""Email Marketing"",""Instagram Marketing"",""Flexible work hours"","" Informal dress code""]"
5f9fcb20fe00d03aec2996f7,2020-11-02 14:32:23,Back Office/Export Import Documentation/Office & Logistics Management,Devi Exports,Kolkata,Immediately, 4000-6000 /month,2 Months,"14 Nov' 20",Internship,"[""MS-Office"",""MS-Word"",""Xcode"",""MS-Excel"",""English Proficiency (Spoken)"",""English Proficiency (Written)"",""Hindi Proficiency (Spoken)"",""Letter of recommendation""]"
5f9fcb20fe00d03aec2996f8,2020-11-02 14:32:24,Market Research,Netscribes India Private Limited,Kolkata,Immediately, 11200 /month,1 Month,"14 Nov' 20",Internship,"[""English Proficiency (Spoken)"",""Certificate"","" Letter of recommendation"","" Informal dress code"","" 5 days a week""]"
5f9fcb21fe00d03aec2996f9,2020-11-02 14:32:24,Web Development,Maheejaa,Kolkata,Immediately, 4000-8000 /month,1 Month,"13 Nov' 20",Internship with job offer,"[""Java"",""HTML"",""CSS"",""WordPress"",""Digital Marketing"",""Search Engine Optimization (SEO)"",""MS-Excel"",""English Proficiency (Written)"",""Certificate"","" Letter of recommendation"","" Flexible work hours"","" Informal dress code"","" 5 days a week"","" Job offer""]"
5f9fcb22fe00d03aec2996fa,2020-11-02 14:32:25,Content Writing,Maheejaa,Kolkata,Immediately, 4000-8000 /month,1 Month,"13 Nov' 20",Internship with job offer,"[""Creative Writing"",""Report Writing"",""English Proficiency (Written)"",""Certificate"","" Letter of recommendation"","" Flexible work hours"","" Informal dress code"","" 5 days a week"","" Job offer""]"
5f9fcb23fe00d03aec2996fb,2020-11-02 14:32:26,Content Writing,Moz Web Development,Kolkata,Immediately, 6000 /month,3 Months,"13 Nov' 20",Internship with job offer,"[""MS-Word"",""Certificate"","" Letter of recommendation"","" Flexible work hours"","" Informal dress code"","" Job offer""]"
5f9fcb24fe00d03aec2996fc,2020-11-02 14:32:27,Operations,Scarlet Splendour,Kolkata,Immediately, 8000 /month,3 Months,"13 Nov' 20",Internship,"[""AutoCAD"",""Accounting"",""MS-Excel"",""English Proficiency (Spoken)"",""English Proficiency (Written)"",""Letter of recommendation"","" Informal dress code""]"
5f9fcb25fe00d03aec2996fd,2020-11-02 14:32:28,Graphic Design,Vrinda Shristi Studio LLP,Kolkata,Immediately, 5000 /month,3 Months,"13 Nov' 20",Internship,"[""Certificate""]"
5f9fcb27fe00d03aec2996fe,2020-11-02 14:32:29,Telecalling,CvDragon India,Kolkata,Immediately, 5000 /month +  Incentives,2 Months,"13 Nov' 20",Internship,"[""English Proficiency (Spoken)"",""English Proficiency (Written)"",""Certificate"","" Letter of recommendation"","" Flexible work hours"","" 5 days a week""]"
5f9fcb28fe00d03aec2996ff,2020-11-02 14:32:31,Academic Writing (Sociology),Nerdy Turtlez,Kolkata,Immediately, 10000-13000 /month,6 Months,"13 Nov' 20",Internship,"[""Search Engine Optimization (SEO)"",""English Proficiency (Spoken)"",""English Proficiency (Written)"",""Creative Writing"",""Certificate""]"
5f9fcb29fe00d03aec299700,2020-11-02 14:32:32,Content Writing,CvDragon India,Kolkata,Immediately, 5000 /month,3 Months,"13 Nov' 20",Internship,"[""Social Media Marketing"",""Blogging"",""English Proficiency (Written)"",""Certificate"","" Letter of recommendation"","" Flexible work hours"","" 5 days a week""]"
5f9fcb2bfe00d03aec299701,2020-11-02 14:32:34,Business Development (Sales),Ms. Kwikpic Tech Services,Delhi,Immediately, 8000 /month +  Incentives,2 Months,"12 Nov' 20",Internship,"[""MS-Office"",""Flexible work hours""]"
5f9fcb2cfe00d03aec299702,2020-11-02 14:32:35,Backend Development,Innovacio Technologies,Kolkata,Immediately, 2500-3500 /month,3 Months,"12 Nov' 20",Internship,"[""Node.js"",""Express.js"",""REST API"",""Android"",""Certificate"","" Letter of recommendation"","" Flexible work hours"","" Informal dress code""]"
5f9fcb2dfe00d03aec299703,2020-11-02 14:32:36,Corporate Sales,Pitricks E-Learning LLP,Delhi,Immediately, 15000 lump sum,6 Weeks,"12 Nov' 20",Internship,"[""MS-Excel"",""English Proficiency (Spoken)"",""English Proficiency (Written)"",""Certificate"","" Letter of recommendation""]"
5f9fcb2dfe00d03aec299704,2020-11-02 14:32:37,Business Development (Sales),PROCON ENGINEERS,Kolkata,Immediately, 5000 /month,6 Months,"12 Nov' 20",Internship with job offer,"[""MS-Office"",""Internet of Things (IoT)"",""English Proficiency (Spoken)"",""Certificate"","" Letter of recommendation"","" Informal dress code"","" Job offer""]"
5f9fcb2efe00d03aec299705,2020-11-02 14:32:37,Graphic Design,ASHA EREAL MEDIA,Kolkata,Immediately, 3000 /month,1 Month,"12 Nov' 20",Internship with job offer,"[""Adobe Photoshop"",""Adobe Illustrator"",""Adobe Premiere Pro"",""Adobe Indesign"",""Adobe After Effects"",""Adobe Photoshop Lightroom CC"",""Certificate"","" Flexible work hours"","" 5 days a week"","" Job offer""]"
5f9fcb2ffe00d03aec299706,2020-11-02 14:32:38,Content Writing,Helpworx Technology Private Limited,Kolkata,Immediately, 10000 /month,6 Months,"12 Nov' 20",Internship with job offer,"[""MS-Office"",""MS-Word"",""MS-PowerPoint"",""MS-Excel"",""Certificate"","" Letter of recommendation"","" Flexible work hours"","" Informal dress code"","" Free snacks & beverages"","" Job offer""]"
5f9fcb30fe00d03aec299707,2020-11-02 14:32:39,Market Research,DhiSigma Systems Private Limited,Chennai,Immediately, 5000-10000 /month,1 Month,"12 Nov' 20",Internship,"[""Certificate"","" Flexible work hours"","" Informal dress code""]"
5f9fcb32fe00d03aec299708,2020-11-02 14:32:40,Business Development (Sales),The Pool Cafe,Kolkata,Immediately, 10000 /month,6 Months,"12 Nov' 20",Internship with job offer,"[""English Proficiency (Spoken)"",""Certificate"","" Letter of recommendation"","" Flexible work hours"","" Informal dress code"","" Job offer""]"
5f9fcb32fe00d03aec299709,2020-11-02 14:32:42,Social Media Marketing,Resto-G,Kolkata,Immediately, 3000 /month,3 Months,"11 Nov' 20",Internship,"[""Social Media Marketing"",""Certificate"","" Letter of recommendation"","" Informal dress code""]"
5f9fcb33fe00d03aec29970a,2020-11-02 14:32:42,Graphic Design,Media India Group,Delhi,Immediately, 6000 /month,3 Months,"11 Nov' 20",Internship with job offer,"[""Adobe Photoshop"",""Adobe Illustrator"",""Final Cut Pro"",""Adobe Creative Suite"",""Adobe Indesign"",""Certificate"","" Letter of recommendation"","" Job offer""]"
5f9fcb34fe00d03aec29970b,2020-11-02 14:32:43,Content Writing,WebMarCon,Kolkata,Immediately, 4000 /month,3 Months,"11 Nov' 20",Internship with job offer,"[""English Proficiency (Written)"",""Certificate"","" Job offer""]"
5f9fcb35fe00d03aec29970c,2020-11-02 14:32:44,Finance (CFA/CS),Nerdy Turtlez,Kolkata,Immediately, 10000-13000 /month,2 Months,"11 Nov' 20",Internship,"[""Search Engine Optimization (SEO)"",""English Proficiency (Spoken)"",""English Proficiency (Written)"",""Certificate""]"
5f9fcb35fe00d03aec29970d,2020-11-02 14:32:45,Graphic Design,Mohan Impressions Private Limited,Ahmedabad,Immediately, 6000-12000 /month,3 Months,"11 Nov' 20",Internship,"[""Adobe Photoshop"",""CorelDRAW"",""Adobe Illustrator"",""Certificate""]"
5f9fcb36fe00d03aec29970e,2020-11-02 14:32:45,Operations,ShipZip,Kolkata,Immediately, 15000-20000 /month,6 Months,"11 Nov' 20",Internship with job offer,"[""MS-Word"",""MS-PowerPoint"",""Data Analytics"",""MS-Excel"",""Certificate"","" Letter of recommendation"","" Flexible work hours"","" Informal dress code"","" Free snacks & beverages"","" Job offer""]"
5f9fcb37fe00d03aec29970f,2020-11-02 14:32:46,Content Writing,Edutech Multimedia,Delhi,Immediately, 4000 /month,3 Months,"11 Nov' 20",Internship,"[""English Proficiency (Written)"",""Certificate"","" Letter of recommendation"","" Flexible work hours"","" Informal dress code""]"
5f9fcb38fe00d03aec299710,2020-11-02 14:32:47,Business Development (Sales),WebMarCon,Kolkata,Immediately, 4000 /month +  Incentives,3 Months,"10 Nov' 20",Internship with job offer,"[""English Proficiency (Spoken)"",""English Proficiency (Written)"",""Certificate"","" Job offer""]"
5f9fcb38fe00d03aec299711,2020-11-02 14:32:48,Operations,Reverse Factor,Kolkata,Immediately, 8000-10000 /month,6 Months,"30 Nov' 20",Internship,"[""MS-Office"",""MS-Word"",""MS-Excel"",""Certificate""]"
5f9fcb39fe00d03aec299712,2020-11-02 14:32:48,Finance,Emami Agrotech Limited,Kolkata,Immediately, 15000 /month,6 Months,"10 Nov' 20",Internship,"[""MS-Excel"",""Certificate"","" Free snacks & beverages""]"
5f9fcb3afe00d03aec299713,2020-11-02 14:32:49,Event Management,Venuefy Services Private Limited,Kolkata,Immediately, 5000 /month,3 Months,"10 Nov' 20",Internship,"[""MS-Word"",""MS-PowerPoint"",""MS-Excel"",""Certificate"","" Letter of recommendation"","" Flexible work hours""]"
5f9fcb3bfe00d03aec299714,2020-11-02 14:32:50,Web Development,TECHNOLOGICS,Kolkata,Immediately, 8000 /month,3 Months,"10 Nov' 20",Internship,"[""PHP"",""HTML"",""CSS"",""WordPress"",""Certificate"","" Letter of recommendation"","" Flexible work hours"","" Informal dress code""]"
5f9fcb3cfe00d03aec299715,2020-11-02 14:32:51,Accounts & Finance,RRB Advisors,Kolkata,Immediately, 4000-9000 /month,6 Months,"10 Nov' 20",Internship,"[""Accounting"",""Data Analytics"",""MS-Excel"",""Financial Modeling"",""Certificate"","" Letter of recommendation""]"
5f9fcb3dfe00d03aec299716,2020-11-02 14:32:52,Human Resources (HR),Impactyog Development Services LLP,Kolkata,Immediately, 5000 /month,3 Months,"10 Nov' 20",Internship,"[""MS-Word"",""MS-PowerPoint"",""MS-Excel"",""Certificate"","" Letter of recommendation"","" Flexible work hours""]"
5f9fcb3efe00d03aec299717,2020-11-02 14:32:53,Marketing,GetInHours,Kolkata,Immediately, 3000 /month +  Incentives,1 Month,"10 Nov' 20",Internship,"[""Certificate""]"
5f9fcb3ffe00d03aec299718,2020-11-02 14:32:54,Content Writing,Logolepsy Publishing Group,Kolkata,Immediately, 20000 lump sum,3 Months,"10 Nov' 20",Internship with job offer,"[""Creative Writing"",""English Proficiency (Spoken)"",""English Proficiency (Written)"",""Certificate"","" Letter of recommendation"","" Flexible work hours"","" Informal dress code"","" Job offer""]"
5f9fcb3ffe00d03aec299719,2020-11-02 14:32:55,Instagram Marketing,Sigler Digital Solution Private Limited,Kolkata,Immediately, 2000 /month,2 Months,"10 Nov' 20",Internship,"[""Instagram Marketing"",""Certificate"","" Letter of recommendation"","" Flexible work hours"","" 5 days a week""]"
5f9fcb40fe00d03aec29971a,2020-11-02 14:32:55,Video Making/Editing,VS Studio (Vrinda Shristi Studio LLP),Kolkata,Immediately, 5000 /month,3 Months,"10 Nov' 20",Internship,"[""Adobe Photoshop"",""Adobe Premiere Pro"",""Final Cut Pro"",""Adobe After Effects"",""Certificate"","" Letter of recommendation"","" Flexible work hours""]"
5f9fcb41fe00d03aec29971b,2020-11-02 14:32:56,Marketing,Zing Restaurants Private Limited,Kolkata,Immediately, 3000-5000 /month,6 Months,"10 Nov' 20",Internship with job offer,"[""Digital Marketing"",""MS-Excel"",""Certificate"","" Job offer""]"
5f9fcb42fe00d03aec29971c,2020-11-02 14:32:57,Content Writing,Book Fast My Car,Chandigarh,Immediately, 6000 /month,2 Months,"9 Nov' 20",Internship with job offer,"[""Search Engine Optimization (SEO)"",""English Proficiency (Spoken)"",""English Proficiency (Written)"",""Certificate"","" Letter of recommendation"","" Flexible work hours"","" Informal dress code"","" Free snacks & beverages"","" Job offer""]"
5f9fcb43fe00d03aec29971d,2020-11-02 14:32:58,Graphic Design,National Fitness And Nutrition Academy,Kolkata,Immediately, 3000-6000 /month,1 Month,"9 Nov' 20",Internship,"[""Social Media Marketing"",""Adobe Photoshop"",""Adobe Illustrator"",""Adobe Premiere Pro"",""Final Cut Pro"",""Adobe After Effects"",""English Proficiency (Written)"",""Certificate"","" Letter of recommendation""]"
5f9fcb44fe00d03aec29971e,2020-11-02 14:32:59,Journalism,Protouch Sports,Kolkata,Immediately, 6500 /month,6 Months,"9 Nov' 20",Internship,"[""English Proficiency (Spoken)"",""English Proficiency (Written)"",""Certificate"","" Letter of recommendation"","" Flexible work hours""]"
5f9fcb44fe00d03aec29971f,2020-11-02 14:33:00,Business Development (Sales),Highway Delite,Asansol,Immediately, 2000 /month +  Incentives,3 Months,"9 Nov' 20",Internship,"[""MS-Excel"",""English Proficiency (Spoken)"",""Hindi Proficiency (Spoken)"",""Certificate""]"
5f9fcb45fe00d03aec299720,2020-11-02 14:33:00,Business Development (Sales),Techkit,Ahmedabad,Immediately, 10000 /month,2 Months,"9 Nov' 20",Internship,"[""Certificate"","" Letter of recommendation"","" Flexible work hours"","" Informal dress code""]"
5f9fcb46fe00d03aec299721,2020-11-02 14:33:01,Content Writing,National Fitness And Nutrition Academy,Kolkata,Immediately, 4000-6000 /month,1 Month,"9 Nov' 20",Internship,"[""Creative Writing"",""English Proficiency (Spoken)"",""English Proficiency (Written)"",""Certificate"","" Letter of recommendation""]"
5f9fcb47fe00d03aec299722,2020-11-02 14:33:02,Video Making/Editing,National Fitness And Nutrition Academy,Kolkata,Immediately, 3000-6000 /month,1 Month,"9 Nov' 20",Internship,"[""Social Media Marketing"",""Adobe Photoshop"",""Adobe Premiere Pro"",""Final Cut Pro"",""English Proficiency (Written)"",""Certificate"","" Letter of recommendation""]"
5f9fcb48fe00d03aec299723,2020-11-02 14:33:03,Telesales,EMEA TECH HOUSE,Kolkata,Immediately, 7500 /month,3 Months,"9 Nov' 20",Internship,"[""Salesforce"",""English Proficiency (Spoken)"",""Certificate"","" Letter of recommendation"","" 5 days a week""]"
5f9fcb48fe00d03aec299724,2020-11-02 14:33:04,Architecture,Decoimagination,Kolkata,Immediately, 5000 /month,3 Months,"8 Nov' 20",Internship,"[""AutoCAD"",""Letter of recommendation"","" Informal dress code""]"
5f9fcb4cfe00d03aec299725,2020-11-02 14:33:04,Interior Design,Decoimagination,Kolkata,Immediately, 5000 /month,3 Months,"8 Nov' 20",Internship,"[""AutoCAD"",""Adobe Photoshop"",""MS-PowerPoint"",""Letter of recommendation"","" Informal dress code""]"
5f9fcb4dfe00d03aec299726,2020-11-02 14:33:08,Business Development (Sales),Desi Art Room,Kolkata,Immediately, 3000 /month,3 Months,"8 Nov' 20",Internship,"[""Certificate"","" Letter of recommendation"","" Flexible work hours"","" Informal dress code"","" 5 days a week"","" Free snacks & beverages""]"
5f9fcb4efe00d03aec299727,2020-11-02 14:33:09,Digital Marketing,Decoimagination,Rajarhat,Immediately, 4000 /month,2 Months,"8 Nov' 20",Internship,"[""Social Media Marketing"",""Adobe Photoshop"",""Google Analytics"",""CorelDRAW"",""Adobe Illustrator"",""Search Engine Marketing (SEM)"",""WordPress"",""Digital Marketing"",""Google AdWords"",""Search Engine Optimization (SEO)"",""Facebook Marketing"",""Email Marketing"",""Instagram Marketing"",""Certificate"","" Letter of recommendation"","" Informal dress code""]"
5f9fcb4ffe00d03aec299728,2020-11-02 14:33:10,Business Development (Sales),Sapient Services Private Limited,Kolkata,Immediately, 10000-15000 /month,6 Months,"8 Nov' 20",Internship,"[""MS-Office"",""Certificate"","" Flexible work hours"","" Informal dress code""]"
5f9fcb53fe00d03aec299729,2020-11-02 14:33:13,Telecalling,Avasa Organic,Kolkata,Immediately, 5000 /month,3 Months,"8 Nov' 20",Internship with job offer,"[""Bengali Proficiency (Spoken)"",""English Proficiency (Spoken)"",""Hindi Proficiency (Spoken)"",""Certificate"","" Letter of recommendation"","" Informal dress code"","" Job offer""]"
5f9fcb54fe00d03aec29972a,2020-11-02 14:33:15,Graphic Design,Avasa Organic,Kolkata,Immediately, 5000 /month,3 Months,"7 Nov' 20",Internship,"[""Adobe Photoshop"",""CorelDRAW"",""Adobe Illustrator"",""Adobe After Effects"",""Certificate"","" Letter of recommendation"","" Informal dress code""]"
5f9fcb55fe00d03aec29972b,2020-11-02 14:33:16,Social Media Marketing,Ashtamangal Solutions And Services,Chennai,Immediately, 4000 /month,2 Months,"7 Nov' 20",Internship with job offer,"[""Adobe Photoshop"",""WordPress"",""Digital Marketing"",""Google AdWords"",""Creative Writing"",""Copywriting"",""Animation"",""English Proficiency (Written)"",""Instagram Marketing"",""Certificate"","" Letter of recommendation"","" Job offer""]"
5f9fcb56fe00d03aec29972c,2020-11-02 14:33:17,Data Entry,Codezin Technology Solutions,Kolkata,Immediately, 7000-12000 /month,6 Months,"8 Nov' 20",Internship with job offer,"[""MS-Word"",""MS-Excel"",""Certificate"","" Letter of recommendation"","" Job offer""]"
5f9fcb56fe00d03aec29972d,2020-11-02 14:33:18,Web Development,Avasa Organic,Kolkata,Immediately, 5000 /month,3 Months,"6 Nov' 20",Internship with job offer,"[""JavaScript"",""WordPress"",""Digital Marketing"",""Windows Mobile Application Development"",""User Interface (UI) Development"",""Animation"",""Web Application Security"",""Amazon Web Services (AWS)"",""Android"",""Certificate"","" Letter of recommendation"","" Informal dress code"","" Job offer""]"
5f9fcb57fe00d03aec29972e,2020-11-02 14:33:18,Customer Service,Nsemble AI,Ahmedabad,Immediately, 3000-5000 /month,6 Months,"6 Nov' 20",Internship,"[""Certificate"","" Letter of recommendation""]"
5f9fcb58fe00d03aec29972f,2020-11-02 14:33:19,Bags/Accessories Design (Production Assistant),Studio Immri,Kolkata,Immediately, 12000-15000 /month,5 Months,"6 Nov' 20",Internship,"[""MS-Office"",""CorelDRAW"",""Certificate"","" Letter of recommendation""]"
5f9fcb5afe00d03aec299730,2020-11-02 14:33:20,Graphic Design,Studio Immri,Kolkata,Immediately, 10000-15000 /month,5 Months,"6 Nov' 20",Internship with job offer,"[""Adobe Photoshop"",""Adobe Illustrator"",""Adobe Creative Suite"",""Adobe Flash"",""Certificate"","" Letter of recommendation"","" Job offer""]"
5f9fcb5bfe00d03aec299731,2020-11-02 14:33:22,Marketing,Gattibu Food Tech Private Limited,Kolkata,Immediately, 6000 /month +  Incentives,2 Months,"6 Nov' 20",Internship,"[""Certificate"","" Letter of recommendation"","" Flexible work hours"","" Informal dress code"","" 5 days a week""]"
5f9fcb5cfe00d03aec299732,2020-11-02 14:33:23,Social Media Marketing,We Love Digital Marketing,Kolkata,Immediately, 4000 /month,3 Months,"6 Nov' 20",Internship with job offer,"[""Social Media Marketing"",""Digital Marketing"",""Creative Writing"",""Certificate"","" Letter of recommendation"","" Flexible work hours"","" Job offer""]"
5f9fcb5cfe00d03aec299733,2020-11-02 14:33:24,Digital Marketing,SR International,Kolkata,Immediately, 9000 /month,3 Months,"6 Nov' 20",Internship,"[""Social Media Marketing"",""Blogging"",""Google Analytics"",""Creative Writing"",""Certificate"","" Letter of recommendation"","" Informal dress code"","" Free snacks & beverages""]"
5f9fcb5ffe00d03aec299734,2020-11-02 14:33:24,Human Resources (HR),Anthroplace Consulting Private Limited,Kolkata,Immediately, 5000 /month,3 Months,"6 Nov' 20",Internship,"[""Certificate"","" Letter of recommendation"","" Flexible work hours"","" Informal dress code"","" 5 days a week"","" Free snacks & beverages""]"
5f9fcb60fe00d03aec299735,2020-11-02 14:33:27,Human Resources (HR),Shiva Ganga Spices,Ahmedabad,Immediately, 4000 /month +  Incentives,6 Weeks,"6 Nov' 20",Internship,"[""MS-Office"",""MS-Word"",""MS-PowerPoint"",""MS-Excel"",""Certificate"","" Letter of recommendation"","" Flexible work hours""]"
5f9fcb62fe00d03aec299736,2020-11-02 14:33:28,Business Development (Sales),Shiva Ganga Spices,Delhi,Immediately, 7000 /month,6 Weeks,"6 Nov' 20",Internship with job offer,"[""MS-Office"",""MS-Word"",""MS-PowerPoint"",""Salesforce"",""MS-Excel"",""Certificate"","" Letter of recommendation"","" Flexible work hours"","" Job offer""]"
5f9fcb62fe00d03aec299737,2020-11-02 14:33:30,Machine Learning,SocialComment Private Limited,Delhi,Immediately, 5000 /month,1 Month,"6 Nov' 20",Internship,"[""Python"",""Machine Learning"",""Certificate"","" Flexible work hours""]"
5f9fcb64fe00d03aec299738,2020-11-02 14:33:30,Content Writing,Fincomienzo Solutions Private Limited,Chennai,Immediately, 2000 /month +  Incentives,3 Months,"5 Nov' 20",Internship with job offer,"[""Blogging"",""Video Editing"",""Digital Marketing"",""Search Engine Optimization (SEO)"",""Creative Writing"",""Video Making"",""Animation"",""English Proficiency (Written)"",""Certificate"","" Letter of recommendation"","" Flexible work hours"","" Job offer""]"
5f9fcb65fe00d03aec299739,2020-11-02 14:33:32,Digital Marketing,CS TRADE LINK PRIVATE LIMITED,Kolkata,Immediately, 15000-25000 /month,6 Months,"5 Nov' 20",Internship,"[""Adobe Photoshop"",""Google Analytics"",""WordPress"",""Google AdWords"",""Search Engine Optimization (SEO)"",""Facebook Marketing"",""Instagram Marketing"",""Informal dress code""]"
5f9fcb66fe00d03aec29973a,2020-11-02 14:33:33,Field Sales,Abhigrow Solutions Private Limited,Delhi,Immediately, 5000 /month,1 Month,"5 Nov' 20",Internship,"[""Salesforce"",""English Proficiency (Spoken)"",""Hindi Proficiency (Spoken)"",""Certificate"","" Letter of recommendation""]"
5f9fcb67fe00d03aec29973b,2020-11-02 14:33:34,Sales,Food Bots,Bhubaneswar,Immediately, 3000 /month +  Incentives,3 Months,"5 Nov' 20",Internship,"[""Certificate"","" Letter of recommendation"","" Flexible work hours"","" Informal dress code""]"
5f9fcb68fe00d03aec29973c,2020-11-02 14:33:35,Digital Marketing,Oodleynest Fin-Tech Private Limited,Kolkata,Immediately, 3000 /month +  Incentives,4 Months,"5 Nov' 20",Internship,"[""Certificate"","" Flexible work hours""]"
5f9fcb68fe00d03aec29973d,2020-11-02 14:33:36,Blogging,Le Mark School Of Art,Delhi,Immediately, 2000-4000 /month,6 Months,"5 Nov' 20",Internship with job offer,"[""MS-Office"",""English Proficiency (Spoken)"",""English Proficiency (Written)"",""Certificate"","" Job offer""]"
5f9fcb69fe00d03aec29973e,2020-11-02 14:33:36,Data Analytics,Zing Restaurants Private Limited,Kolkata,Immediately, 3000-5000 /month,6 Months,"5 Nov' 20",Internship with job offer,"[""Data Analytics"",""MS-Excel"",""Report Writing"",""Job offer""]"
5f9fcb6afe00d03aec29973f,2020-11-02 14:33:37,Accounts/Finance,Optimus Resolution,Kolkata,Immediately, 3000-6000 /month,6 Months,"4 Nov' 20",Internship with job offer,"[""MS-Office"",""Accounting"",""English Proficiency (Spoken)"",""English Proficiency (Written)"",""Certificate"","" Letter of recommendation"","" Job offer""]"
5f9fcb6bfe00d03aec299740,2020-11-02 14:33:38,Pharmaceutical,Netmeds Marketplace Limited,Ahmedabad,Immediately, 10000 /month,6 Months,"4 Nov' 20",Internship with job offer,"[""Chemistry"",""Molecular Medicine"",""Letter of recommendation"","" Informal dress code"","" Job offer""]"
5f9fcb6cfe00d03aec299741,2020-11-02 14:33:39,Research & Development,Maglent Ventures LLP,Gurgaon,Immediately, 5000 /month,6 Months,"4 Nov' 20",Internship,"[""Certificate"","" Letter of recommendation""]"
5f9fcb6dfe00d03aec299742,2020-11-02 14:33:40,Mobile App Development,Computer Software Solutions,Kolkata,Immediately, 4000-7000 /month,6 Months,"4 Nov' 20",Internship,"[""Java"",""MongoDB"",""Spring MVC"",""Android"",""Certificate"","" Letter of recommendation"","" Flexible work hours"","" Informal dress code"","" 5 days a week""]"
5f9fcb6efe00d03aec299743,2020-11-02 14:33:41,Financial Modelling,Kamal Somani,Kolkata,Immediately, 7500-15000 /month,6 Months,"4 Nov' 20",Internship with job offer,"[""Financial Modeling"",""Certificate"","" Letter of recommendation"","" Flexible work hours"","" Informal dress code"","" Job offer""]"
5f9fcb6ffe00d03aec299744,2020-11-02 14:33:42,Law/ Legal,Optimus Resolution,Kolkata,Immediately, 3000-7000 /month,6 Months,"4 Nov' 20",Internship with job offer,"[""MS-Office"",""English Proficiency (Written)"",""Certificate"","" Letter of recommendation"","" Job offer""]"
5f9fcb6ffe00d03aec299745,2020-11-02 14:33:43,Social Media Marketing,"Look Who's Talking",Gurgaon,Immediately, 4000 /month,3 Months,"4 Nov' 20",Internship,"[""Social Media Marketing"",""MS-Word"",""MS-Excel"",""Certificate"","" Letter of recommendation"","" Informal dress code"","" 5 days a week"","" Free snacks & beverages""]"
5f9fcb70fe00d03aec299746,2020-11-02 14:33:43,Telecalling,GiveIndia,Chennai,Immediately, 5000 /month,2 Months,"3 Nov' 20",Internship,"[""English Proficiency (Spoken)"",""English Proficiency (Written)"",""Certificate"","" Letter of recommendation"","" 5 days a week""]"
5f9fcb72fe00d03aec299747,2020-11-02 14:33:44,Cold Calling,Fenton Chemicals,Delhi,Immediately, 3000-8000 /month,1 Month,"24 Nov' 20",Internship,"[""MS-Excel"",""English Proficiency (Spoken)"",""Certificate""]"
5f9fcb72fe00d03aec299748,2020-11-02 14:33:46,Content Writing,CogentHub Private Limited,Kolkata,Immediately, 10000-20000 /month,6 Months,"3 Nov' 20",Internship,"[""Search Engine Optimization (SEO)"",""Informal dress code"","" 5 days a week"","" Free snacks & beverages""]"
5f9fcb73fe00d03aec299749,2020-11-02 14:33:46,UI/UX Design,INA WEBTECH,Kolkata,Immediately, 8000 /month,6 Months,"3 Nov' 20",Internship with job offer,"[""Adobe Photoshop"",""Adobe Illustrator"",""User Interface (UI) Development"",""UI & UX Design"",""Adobe XD"",""Figma"",""Certificate"","" Letter of recommendation"","" 5 days a week"","" Job offer""]"
5f9fcb74fe00d03aec29974a,2020-11-02 14:33:47,Data Entry And Content Management,Goyal Commercial Co.,Kolkata,Immediately, 5000 /month,3 Months,"3 Nov' 20",Internship,"[""WordPress"",""MS-Word"",""MS-Excel"",""Certificate"","" 5 days a week""]"
5f9fcb75fe00d03aec29974b,2020-11-02 14:33:48,Law/ Legal,Daksha Fellowship,Chennai,Nothing, 15000-18000 /month,3 Months,"3 Nov' 20",Internship,"[""Certificate""]"
5f9fcb76fe00d03aec29974c,2020-11-02 14:33:49,Operations,Macro Resources Private Limited,Kolkata,Immediately, 5000-6000 /month,2 Months,"3 Nov' 20",Internship,"[""MS-Office"",""MS-Word"",""MS-Excel"",""English Proficiency (Written)"",""Certificate"","" Letter of recommendation"","" Informal dress code"","" Free snacks & beverages""]"
5f9fcb77fe00d03aec29974d,2020-11-02 14:33:50,Proofreading,GiveIndia,Chennai,Immediately, 5000 /month,2 Months,"3 Nov' 20",Internship,"[""MS-Excel"",""English Proficiency (Spoken)"",""English Proficiency (Written)"",""Certificate"","" Letter of recommendation"","" Flexible work hours"","" 5 days a week""]"
5f9fcb79fe00d03aec29974e,2020-11-02 14:33:51,Journalism,Integrated Media,Delhi,Immediately, 2000 /month,6 Months,"3 Nov' 20",Internship,"[""English Proficiency (Spoken)"",""English Proficiency (Written)"",""Certificate"","" Letter of recommendation"","" Informal dress code""]"
5f9fcb79fe00d03aec29974f,2020-11-02 14:33:53,Media & Public Relations,SVF Entertainment Private Limited,Kolkata,Immediately, 7000 /month,3 Months,"2 Nov' 20",Internship,"[""Bengali Proficiency (Spoken)"",""English Proficiency (Spoken)"",""English Proficiency (Written)"",""Letter of recommendation""]"
5f9fcb7afe00d03aec299750,2020-11-02 14:33:53,Digital Marketing,Ridge Info Technology,Chennai,Immediately, 2000-7000 /month,1 Month,"2 Nov' 20",Internship,"[""Computer Networking"",""Digital Marketing"",""Accounting"",""Financial Modeling"",""Client Relationship"",""Certificate"","" Letter of recommendation"","" Flexible work hours"","" 5 days a week""]"
5f9fcb7cfe00d03aec299751,2020-11-02 14:33:55,Digital Marketing,INA WEBTECH,Kolkata,Immediately, 5000 /month,3 Months,"2 Nov' 20",Internship with job offer,"[""WordPress"",""Digital Marketing"",""Search Engine Optimization (SEO)"",""English Proficiency (Spoken)"",""English Proficiency (Written)"",""Certificate"","" 5 days a week"","" Job offer""]"
5f9fcb7dfe00d03aec299752,2020-11-02 14:33:56,Graphic Design,INA WEBTECH,Kolkata,Immediately, 10000 /month,3 Months,"2 Nov' 20",Internship with job offer,"[""Adobe Creative Suite"",""Adobe XD"",""Figma"",""Certificate"","" Letter of recommendation"","" 5 days a week"","" Job offer""]"
5f9fcb7efe00d03aec299753,2020-11-02 14:33:57,Communications,GiveIndia,Chennai,Immediately, 5000 /month,2 Months,"2 Nov' 20",Internship,"[""English Proficiency (Spoken)"",""English Proficiency (Written)"",""Certificate"","" Letter of recommendation"","" 5 days a week""]"
5f9fcb7ffe00d03aec299754,2020-11-02 14:33:58,Business Development (Sales),ELAMIGO E-COM PRIVATE LIMITED,Kolkata,Immediately, 21000 lump sum,3 Months,"2 Nov' 20",Internship,"[""Digital Marketing"",""Facebook Marketing"",""Email Marketing"",""Instagram Marketing"",""Certificate"","" Letter of recommendation"","" Flexible work hours"","" 5 days a week""]"
5f9fcb80fe00d03aec299755,2020-11-02 14:33:59,Marketing,Hulladek Recycling Private Limited,Kolkata,Immediately, 7000 /month,3 Months,"2 Nov' 20",Internship,"[""Certificate"","" Letter of recommendation""]"
5f9fcb81fe00d03aec299756,2020-11-02 14:34:00,Content Writing,ReleaseMyAd,Kolkata,Immediately, 4000 /month,6 Months,"2 Nov' 20",Internship with job offer,"[""English Proficiency (Spoken)"",""English Proficiency (Written)"",""Certificate"","" Letter of recommendation"","" Flexible work hours"","" Job offer""]"
5f9fcb82fe00d03aec299757,2020-11-02 14:34:01,Field Visit/Site Visit,Biltrax Construction Data,Gurgaon,Immediately, 2000 /week +  Incentives,2 Weeks,"23 Nov' 20",Internship,"[""Certificate""]"
5f9fcb83fe00d03aec299758,2020-11-02 14:34:02,Logistics And Operations,Procmart,Kolkata,Immediately, 7500 /month,4 Months,"2 Nov' 20",Internship with job offer,"[""English Proficiency (Spoken)"",""Certificate"","" Flexible work hours"","" Informal dress code"","" Job offer""]"
5f9fcb83fe00d03aec299759,2020-11-02 14:34:03,Operations,Omnibus Management Services Private Limited,Kolkata,Immediately, 4500 /month,3 Months,"19 Nov' 20",Internship with job offer,"[""Adobe Photoshop"",""MS-Word"",""MS-PowerPoint"",""Accounting"",""MS-Excel"",""Certificate"","" Letter of recommendation"","" Informal dress code"","" Job offer""]"
5f9fcb84fe00d03aec29975a,2020-11-02 14:34:03,Chartered Accountancy (CA) (Article Clerk)- As Per ICAI Regulations,Omnibus Management Services Private Limited,Kolkata,Immediately, 4000 /month,6 Months,"19 Nov' 20",Internship,"[""Informal dress code""]"
5f9fcb85fe00d03aec29975b,2020-11-02 14:34:04,Graphic Design,The Orange Bulletin,Kolkata,Immediately, 5000 /month,3 Months,"2 Nov' 20",Internship,"[""Certificate"","" Letter of recommendation"","" Flexible work hours"","" Informal dress code""]"
5f9fcb86fe00d03aec29975c,2020-11-02 14:34:05,Business Development (Sales),The Orange Bulletin,Kolkata,Immediately, 12000 /month,3 Months,"2 Nov' 20",Internship,"[""MS-Office"",""MS-Excel"",""Certificate"","" Letter of recommendation"","" Flexible work hours""]"
5f9fcb87fe00d03aec29975d,2020-11-02 14:34:06,Journalism,UDAAN - The Center Of Theatre Art & Child Development,Agra,Immediately,Unpaid,2 Months,"13 Nov' 20",Internship,"[""Certificate"","" Flexible work hours""]"
5f9fcb88fe00d03aec29975e,2020-11-02 14:34:07,Business Development (Sales),Swastika Investmart Limited,Delhi,Immediately, 10000 /month,3 Months,"2 Nov' 20",Internship,"[""Certificate"","" Letter of recommendation""]"
5f9fcb89fe00d03aec29975f,2020-11-02 14:34:08,Web Development,Travarsa Private Limited,Kolkata,Immediately, 3000-8000 /month,1 Month,"10 Nov' 20",Internship,"[""Certificate"","" Letter of recommendation"","" Flexible work hours"","" 5 days a week""]"
5f9fcb8afe00d03aec299760,2020-11-02 14:34:09,Digital Marketing,Travarsa Private Limited,Kolkata,Immediately, 3000-8000 /month,1 Month,"9 Nov' 20",Internship,"[""Certificate"","" Letter of recommendation"","" Flexible work hours"","" 5 days a week""]"
5f9fcb8bfe00d03aec299761,2020-11-02 14:34:10,Social Media Marketing,Travarsa Private Limited,Kolkata,Immediately, 3000-8000 /month,1 Month,"9 Nov' 20",Internship,"[""Certificate"","" Letter of recommendation"","" Flexible work hours"","" 5 days a week""]"
5f9fcb8cfe00d03aec299762,2020-11-02 14:34:11,Full Stack Development (MERN & MEAN),Gingerline Media LLP,Kolkata,Immediately, 7000 /month,6 Months,"8 Nov' 20",Internship with job offer,"[""HTML"",""CSS"",""jQuery"",""AJAX"",""Algorithms"",""Bootstrap"",""MongoDB"",""AngularJS"",""Node.js"",""React Native"",""Model View Controller(MVC)"",""ReactJS"",""Redux"",""Angular 7.0"",""MEAN/MERN Stack"",""Certificate"","" Letter of recommendation"","" Job offer""]"
5f9fcb8cfe00d03aec299763,2020-11-02 14:34:12,Graphic Design,Gingerline Media LLP,Kolkata,Immediately, 7000 /month,6 Months,"7 Nov' 20",Internship with job offer,"[""Adobe Photoshop"",""Adobe Illustrator"",""Adobe Premiere Pro"",""Adobe Creative Suite"",""Adobe Indesign"",""3ds Max"",""Animation"",""Adobe After Effects"",""Adobe XD"",""Certificate"","" Letter of recommendation"","" Job offer""]"
5f9fcb8dfe00d03aec299764,2020-11-02 14:34:12,Software Testing,Bitpastel,Kolkata,Immediately, 7000-10000 /month,6 Months,"5 Nov' 20",Internship,"[""Software Testing"",""Manual Testing"",""Certificate"","" Letter of recommendation""]"
5f9fcb8efe00d03aec299765,2020-11-02 14:34:13,Academic Writing,Nerdy Turtlez,Kolkata,Immediately, 15000-17000 /month,6 Months,"2 Nov' 20",Internship,"[""Search Engine Optimization (SEO)"",""Creative Writing"",""English Proficiency (Spoken)"",""English Proficiency (Written)"",""Certificate""]"
5f9fcb8ffe00d03aec299766,2020-11-02 14:34:14,Academic Writing (Pharma & Medical),Nerdy Turtlez,Kolkata,Immediately, 15000-17000 /month,6 Months,"2 Nov' 20",Internship,"[""Biology"",""Bioinformatics"",""English Proficiency (Spoken)"",""English Proficiency (Written)"",""Certificate""]"
5f9fcb90fe00d03aec299767,2020-11-02 14:34:15,Business Development (Sales),Webpulse Solution Private Limited,Indore,Immediately, 8000 /month +  Incentives,6 Months,"3 Nov' 20",Internship with job offer,"[""Certificate"","" Job offer""]"